,Ürün,Grup,Ağırlık,Group_Number,Ana Grup
0,Ampul,"Çeşitli küçük aksesuarlar (pil, ampul vb.)",0.0008068092819540931,75,Ev eşyası
1,Ankastre Fırın,"Fırın, ocak ve fırınlı ocak",0.00032933173246409695,67,Ev eşyası
2,Ankastre Mikrodalga Fırın,"Fırın, ocak ve fırınlı ocak",0.000883859925025969,67,Ev eşyası
3,Ankastre Ocak (Set Üstü) ,"Fırın, ocak ve fırınlı ocak",0.0006275455147323823,67,Ev eşyası
4,Antep Fıstığı,Kuru meyve ve sert kabuklu yemişler,0.000564720353539007,22,Gıda ve alkolsüz içecekler
5,Araba Kiralama Ücreti,Kişisel ulaştırma araçları ile ilgili diğer hizmetler (köprü ve otoban geçiş ücretleri dahil),0.0007707619678173457,96,Ulaştırma
6,Araçların  Tamirine ve Bakımına Ödenen Ücretler (İşçilik),Kişisel ulaştırma araçlarının bakım ve onarımı,0.0016231272472101716,95,Ulaştırma
7,Armut,Taze meyveler,0.0007555750742876528,21,Gıda ve alkolsüz içecekler
8,Ay Çekirdeği,Kuru meyve ve sert kabuklu yemişler,0.0020742287009436066,22,Gıda ve alkolsüz içecekler
9,Ayakkabı (Erkek için),Erkek ayakkabısı,0.002730614439287309,49,Giyim ve ayakkabı
10,Ayakkabı (Kadın için),Kadın ayakkabısı,0.0023607245273513967,50,Giyim ve ayakkabı
11,Ayakkabı (Çocuk için),Çocuk ve bebek ayakkabısı,0.0005777406231739366,51,Giyim ve ayakkabı
12,Ayakkabı Tamiri (Erkek),Ayakkabı bakım ve tamiri,6.177037017425671e-05,52,Giyim ve ayakkabı
13,Ayran,"Alkolsüz içecekler (meşrubat, ayran vb.)",0.0005053584896237673,36,Gıda ve alkolsüz içecekler
14,Ayran (Servis edilen),"Lokanta, pastane, kafe vb. yerlerde içilen içecekler",0.0015004758689385546,129,Lokanta ve oteller
15,Ayva,Taze meyveler,0.0002803196295458297,21,Gıda ve alkolsüz içecekler
16,Ayçiçek Yağı,"Sıvı yağlar (zeytinyağı, ayçiçek yağı)",0.010186784893225794,20,Gıda ve alkolsüz içecekler
17,Ağız ve Diş Bakımı Ürünleri,"Kişisel hijyen ve bakım için kullanılan ürünler, kozmetikler",0.001568224322422114,135,Çeşitli mal ve hizmetler
18,Badana ve Boya Malzemeleri,Konutun bakım ve onarımı için malzemeler,0.00406168145348887,54,Konut
19,Badem İçi,Kuru meyve ve sert kabuklu yemişler,0.0005069153811139974,22,Gıda ve alkolsüz içecekler
20,Baharat,"Başka yerde sınıflandırılamayan diğer gıda ürünleri (tuz, kabartma maddeleri, sirke, ketçap, mayonez vb.)",0.001627864290655752,31,Gıda ve alkolsüz içecekler
21,Baklava,"Diğer fırıncılık ürünleri (bisküvi, kek, kraker, yufka, baklava vb.)",0.004301240680500057,4,Gıda ve alkolsüz içecekler
22,Bal,"Reçel, marmelat, bal vb. ürünler",0.0014901550792682675,28,Gıda ve alkolsüz içecekler
23,Balık,Taze balık,0.004153257075580498,12,Gıda ve alkolsüz içecekler
24,Banka ile Para Havale Ücreti,Başka yerde sınıflandırılmayan diğer mali hizmetler (para havale ücreti vb.),5.994664129433883e-05,143,Çeşitli mal ve hizmetler
25,Battaniye,Ev tekstili,0.00020365656875906825,64,Ev eşyası
26,Bebek Arabası,Başka yerde sınıflandırılmamış diğer kişisel aksesuarlar,0.001445941692948433,138,Çeşitli mal ve hizmetler
27,Bebek Bezi,"Kişisel hijyen ve bakım için kullanılan ürünler, kozmetikler",0.004531338004441421,135,Çeşitli mal ve hizmetler
28,Bebek Pijaması,Bebek giyim,0.00039382726645472745,46,Giyim ve ayakkabı
29,Bebek Sütü (Toz Karışım),Un ve diğer tahıllar,0.00110969997594852,2,Gıda ve alkolsüz içecekler
30,Bebek Tulumu,Bebek giyim,0.0004022664035193252,46,Giyim ve ayakkabı
31,Bebek İç Çamaşırı,Bebek giyim,0.0005832257697251709,46,Giyim ve ayakkabı
32,Belediye Otobüs Ücreti,Otobüs ile şehir içi yolcu taşımacılığı,0.0020754725007521516,99,Ulaştırma
33,Benzin,"Kişisel ulaştırma araçlarının yakıt ve yağları (benzin, motorin, motor yağı)",0.012135528072865607,94,Ulaştırma
34,Beyaz Lahana,Taze sebzeler (patates hariç),0.0005838530105684479,23,Gıda ve alkolsüz içecekler
35,Beyaz Peynir,Peynir,0.008654132137551803,16,Gıda ve alkolsüz içecekler
36,Bilgisayar,Bilgisayar ve ekipmanları,0.0017503777232985211,109,Eğlence ve kültür
37,Bilgisayar Ekipmanları,Bilgisayar ve ekipmanları,0.0009676044138217204,109,Eğlence ve kültür
38,Bisiklet,Bisikletler,0.0006853958565105694,92,Ulaştırma
39,Bisküvi,"Diğer fırıncılık ürünleri (bisküvi, kek, kraker, yufka, baklava vb.)",0.0034615623691119377,4,Gıda ve alkolsüz içecekler
40,Bitki ve Meyve Çayı (Poşet),Çay ve bitki çayları,0.00011948249866149147,33,Gıda ve alkolsüz içecekler
41,Bot (Erkek için),Erkek ayakkabısı,0.00076862651595206,49,Giyim ve ayakkabı
42,Bot (Kadın için),Kadın ayakkabısı,0.0014257486944686901,50,Giyim ve ayakkabı
43,Bot (Çocuk için),Çocuk ve bebek ayakkabısı,0.0006170532674186702,51,Giyim ve ayakkabı
44,Bulaşık Bezleri,"Ev ile ilgili diğer temizlik malzemeleri (bulaşık süngeri, çöp torbası vb.)",0.00016874312626591814,78,Ev eşyası
45,Bulaşık Makinesi,Çamaşır ve bulaşık makineleri,0.0028234445917899855,66,Ev eşyası
46,Bulaşık İçin Temizlik ve Bakım Ürünleri,"Ev ile ilgili temizlik malzemeleri (deterjan, yumuşatıcı vb.)",0.003997481906228688,77,Ev eşyası
47,Bulgur,Un ve diğer tahıllar,0.0013192373261276557,2,Gıda ve alkolsüz içecekler
48,Burgerler,"Lokanta, pastane, kafe vb. yerlerde yenen yemekler",0.011643225336079031,128,Lokanta ve oteller
49,Buğday Unu,Un ve diğer tahıllar,0.004511052280744159,2,Gıda ve alkolsüz içecekler
50,Cam Ev Eşyası,"Cam, porselen, seramik vb. mutfak eşyaları",0.0012769449057579213,72,Ev eşyası
51,Ceket (Erkek için),Erkek giyim,0.0009629548193104716,43,Giyim ve ayakkabı
52,Ceket (Kadın için),Kadın giyim,0.0009141587189049464,44,Giyim ve ayakkabı
53,Cep Telefonu Görüşme Ücreti,Telefon (mobil ve sabit hat) ve internet ücretleri,0.023355947835084965,107,Haberleşme
54,Ceviz İçi,Kuru meyve ve sert kabuklu yemişler,0.0023228414822336046,22,Gıda ve alkolsüz içecekler
55,Cilt ve Vücut Ürünleri,"Kişisel hijyen ve bakım için kullanılan ürünler, kozmetikler",0.0020962091820411134,135,Çeşitli mal ve hizmetler
56,Cipsler,"Konserve edilmiş veya işlenmiş sebze içerikli ürünler (salça, turşu, zeytin vb. dahil)",0.0017325494176996191,26,Gıda ve alkolsüz içecekler
57,Dana Eti,Dana eti,0.02561494570139717,7,Gıda ve alkolsüz içecekler
58,Davlumbaz,Klima ve ısıtıcılar,0.0002622727180677002,68,Ev eşyası
59,Deodorant,"Kişisel hijyen ve bakım için kullanılan ürünler, kozmetikler",0.0006045528419735142,135,Çeşitli mal ve hizmetler
60,Dereotu,Taze sebzeler (patates hariç),0.0001884913903097414,23,Gıda ve alkolsüz içecekler
61,Derin Dondurucu,"Buzdolabı, derin dondurucu",0.003045403145706259,65,Ev eşyası
62,Diğer Kitaplar,Kitaplar,0.0019486477115849892,120,Eğlence ve kültür
63,Dolmalık Biber,Taze sebzeler (patates hariç),0.0007128663048193048,23,Gıda ve alkolsüz içecekler
64,Domates,Taze sebzeler (patates hariç),0.01100380589381313,23,Gıda ve alkolsüz içecekler
65,Dondurma,Dondurma,0.0018155014625314372,30,Gıda ve alkolsüz içecekler
66,Doğalgaz Ücreti,Doğalgaz ve ilgili abonelik ücretleri,0.022796378946570026,57,Konut
67,Ekmek,Ekmek,0.026686010606400547,3,Gıda ve alkolsüz içecekler
68,Ekmek Hamuru (Yufka),"Diğer fırıncılık ürünleri (bisküvi, kek, kraker, yufka, baklava vb.)",0.0012600266695394888,4,Gıda ve alkolsüz içecekler
69,Ekmekarası Yiyecekler (Döner),"Lokanta, pastane, kafe vb. yerlerde yenen yemekler",0.01252154792164968,128,Lokanta ve oteller
70,Elbise (Kadın için),Kadın giyim,0.004976608539150589,44,Giyim ve ayakkabı
71,Elbise (Çocuk için),Çocuk giyim,0.0007789050370896493,45,Giyim ve ayakkabı
72,Elektrik Ücreti,Elektrik,0.021856235077494506,56,Konut
73,Elektrikli Kesici Aletler (Blender),Elektrikli küçük ev aletleri,0.0007349016628836827,70,Ev eşyası
74,Elektrikli Küçük Ev Aletleri (Tost Makinası),Elektrikli küçük ev aletleri,0.0004640209154955568,70,Ev eşyası
75,Elektrikli Saç Bakım Aletleri,Kişisel bakımda kullanılan elektrikli aletler,0.0005709044586585724,134,Çeşitli mal ve hizmetler
76,Elektrikli Süpürge,Diğer büyük ev aletleri (elektrikli süpürge vb.),0.002995518590152114,69,Ev eşyası
77,Elma,Taze meyveler,0.003159150876472577,21,Gıda ve alkolsüz içecekler
78,Erkek Berberi,Erkekler için kuaförlük hizmetleri,0.003631682492756978,132,Çeşitli mal ve hizmetler
79,Erkek Mont,Erkek giyim,0.0016149667753596589,43,Giyim ve ayakkabı
80,Etek,Kadın giyim,0.0015463407567801106,44,Giyim ve ayakkabı
81,Evcil Hayvanlar İçin Gıda Harcamaları,Evcil hayvanlar ile ilgili ürünler,0.0024124216391615064,114,Eğlence ve kültür
82,Eşarp,"Diğer giyim eşyaları ve aksesuarları (kravat, kemer, eşarp vb.)",0.001234475547531767,47,Giyim ve ayakkabı
83,Eşofman (Erkek için),Erkek giyim,0.0009865022353588541,43,Giyim ve ayakkabı
84,Eşofman (Kadın için),Kadın giyim,0.0012136859244117806,44,Giyim ve ayakkabı
85,Eşofman (Çocuk için),Çocuk giyim,0.001760246961073,45,Giyim ve ayakkabı
86,Fındık Ezmesi,"Reçel, marmelat, bal vb. ürünler",0.00014673689355348773,28,Gıda ve alkolsüz içecekler
87,Fındık İçi,Kuru meyve ve sert kabuklu yemişler,0.0008455700394452475,22,Gıda ve alkolsüz içecekler
88,Gazoz Meyveli,"Alkolsüz içecekler (meşrubat, ayran vb.)",0.000649483241089319,36,Gıda ve alkolsüz içecekler
89,Genç Odası Takımı,Yatak odası mobilyaları,0.0008984824705484191,61,Ev eşyası
90,Gofret,"Diğer fırıncılık ürünleri (bisküvi, kek, kraker, yufka, baklava vb.)",0.0018494252204867142,4,Gıda ve alkolsüz içecekler
91,Gömlek (Erkek için),Erkek giyim,0.0029414599654317957,43,Giyim ve ayakkabı
92,Gömlek (Kadın için),Kadın giyim,0.001524989077075441,44,Giyim ve ayakkabı
93,Gömlek (Çocuk için),Çocuk giyim,0.00039380403553633916,45,Giyim ve ayakkabı
94,Gündelikçi Ücreti,Ev içi hizmetler (gündelikçi ücreti),0.005056766007638846,79,Ev eşyası
95,Halı,Halı,0.0016768113779815096,63,Ev eşyası
96,Halı Temizleme,Ev eşyalarının yıkanması ve temizlenmesi hizmetleri,0.0012452198056792233,80,Ev eşyası
97,Havlu,Ev tekstili,0.0006008971869712387,64,Ev eşyası
98,Havuç,Taze sebzeler (patates hariç),0.001085879488616889,23,Gıda ve alkolsüz içecekler
99,Hazır Et Yemekleri,"Şarküteri ürünleri (sucuk, sosis, salam vb.)",0.0012160326407506833,11,Gıda ve alkolsüz içecekler
100,Hazır Kahve,Kahve,0.0008742724410064804,32,Gıda ve alkolsüz içecekler
101,Hazır Pakette Toz Tatlılar (Puding),"Başka yerde sınıflandırılamayan diğer gıda ürünleri (tuz, kabartma maddeleri, sirke, ketçap, mayonez vb.)",0.00027564845565554793,31,Gıda ve alkolsüz içecekler
102,Hazır Sütlü Tatlılar,"Diğer süt ürünleri (yoğurt, hazır sütlü tatlı vb.)",0.0002725590884256966,15,Gıda ve alkolsüz içecekler
103,"Hazır Yemekler (Pilav, Kuru Fasulye)","Lokanta, pastane, kafe vb. yerlerde yenen yemekler",0.014339859869720197,128,Lokanta ve oteller
104,Hazır Çorbalar,"Başka yerde sınıflandırılamayan diğer gıda ürünleri (tuz, kabartma maddeleri, sirke, ketçap, mayonez vb.)",0.0004297677150810609,31,Gıda ve alkolsüz içecekler
105,Hijyenik Kadın Bağı,"Kişisel hijyen ve bakım için kullanılan ürünler, kozmetikler",0.0009564138486783165,135,Çeşitli mal ve hizmetler
106,Hijyenik Zeminler İçin Temizlik ve Bakım Ürünleri,"Ev ile ilgili temizlik malzemeleri (deterjan, yumuşatıcı vb.)",0.0012581050747982585,77,Ev eşyası
107,Hırka (Kadın için),Kadın giyim,0.0009149837900387113,44,Giyim ve ayakkabı
108,Ispanak,Taze sebzeler (patates hariç),0.0009982400487891902,23,Gıda ve alkolsüz içecekler
109,Kabak,Taze sebzeler (patates hariç),0.0008307218095412004,23,Gıda ve alkolsüz içecekler
110,Kabak Çekirdeği,Kuru meyve ve sert kabuklu yemişler,0.000392435568004184,22,Gıda ve alkolsüz içecekler
111,Kaban (Erkek için),Erkek giyim,0.00035878506237226575,43,Giyim ve ayakkabı
112,Kaban (Kadın için),Kadın giyim,0.0013195693405421015,44,Giyim ve ayakkabı
113,Kaban Anorak (Çocuk için),Çocuk giyim,0.00011890922904049621,45,Giyim ve ayakkabı
114,Kabartma Maddeleri,"Başka yerde sınıflandırılamayan diğer gıda ürünleri (tuz, kabartma maddeleri, sirke, ketçap, mayonez vb.)",0.00025671628882718416,31,Gıda ve alkolsüz içecekler
115,Kadın Berberi,Kadınlar için kuaförlük hizmetleri,0.003155910912333791,133,Çeşitli mal ve hizmetler
116,Kahve,Kahve,0.0012969826119718984,32,Gıda ve alkolsüz içecekler
117,Kakao,Toz kakao,5.922302333048008e-05,34,Gıda ve alkolsüz içecekler
118,Kakaolu Toz İçecekler,Toz kakao,1.7251953944971936e-05,34,Gıda ve alkolsüz içecekler
119,Kalem,Kırtasiye malzemeleri,0.00039070377398107807,122,Eğlence ve kültür
120,"Kapı Aksesuarları (Anahtar, Kilit)",Evle ilgili küçük bakım-tamir mal ve hizmetleri,0.0004542696394534445,76,Ev eşyası
121,Kargo Gönderme Ücreti,"Diğer satın alınan ulaştırma hizmetleri (nakliye, kargo vb.)",0.0002441232054610769,104,Ulaştırma
122,Karnabahar,Taze sebzeler (patates hariç),0.0006578509249214791,23,Gıda ve alkolsüz içecekler
123,Karpuz,Taze meyveler,0.003245802950768537,21,Gıda ve alkolsüz içecekler
124,Kavun,Taze meyveler,0.0014919717727730913,21,Gıda ve alkolsüz içecekler
125,Kazak (Erkek için),Erkek giyim,0.001406231383911779,43,Giyim ve ayakkabı
126,Kazak (Kadın için),Kadın giyim,0.0035278824866364824,44,Giyim ve ayakkabı
127,Kazak (Çocuk için),Çocuk giyim,0.0008016700272863525,45,Giyim ve ayakkabı
128,Kağıtlı Şeker,Çikolata ve şekerlemeler,0.002025304579282923,29,Gıda ve alkolsüz içecekler
129,Kaşar Peyniri,Peynir,0.004054896121105025,16,Gıda ve alkolsüz içecekler
130,"Kaşık, Çatal, Bıçak Takımı (Çelik)",Çatal-bıçak takımı,0.00047427933238847355,73,Ev eşyası
131,Kebaplar,"Lokanta, pastane, kafe vb. yerlerde yenen yemekler",0.010808765698311832,128,Lokanta ve oteller
132,Kek,"Diğer fırıncılık ürünleri (bisküvi, kek, kraker, yufka, baklava vb.)",0.0009698565096112995,4,Gıda ve alkolsüz içecekler
133,Kemer,"Diğer giyim eşyaları ve aksesuarları (kravat, kemer, eşarp vb.)",0.0004549136618386519,47,Giyim ve ayakkabı
134,Kesme Şeker,Şeker,0.0005537636814258022,27,Gıda ve alkolsüz içecekler
135,Ketçap,"Başka yerde sınıflandırılamayan diğer gıda ürünleri (tuz, kabartma maddeleri, sirke, ketçap, mayonez vb.)",0.0003085657908009593,31,Gıda ve alkolsüz içecekler
136,Kiracı Tarafından Ödenen Gerçek Kira,Gerçek kira,0.08286955066872327,53,Konut
137,Kivi,Taze meyveler,0.00022417165534213628,21,Gıda ve alkolsüz içecekler
138,Klima,Klima ve ısıtıcılar,0.0016036007928948949,68,Ev eşyası
139,Kola,"Alkolsüz içecekler (meşrubat, ayran vb.)",0.0023644042391497513,36,Gıda ve alkolsüz içecekler
140,Kolonya,"Kişisel hijyen ve bakım için kullanılan ürünler, kozmetikler",0.0005845730255284013,135,Çeşitli mal ve hizmetler
141,Kombi,Klima ve ısıtıcılar,0.001992017389058751,68,Ev eşyası
142,Konserve Balık,Konserve edilmiş veya işlenmiş balık,0.00030268705254452754,13,Gıda ve alkolsüz içecekler
143,Konserveler,"Konserve edilmiş veya işlenmiş sebze içerikli ürünler (salça, turşu, zeytin vb. dahil)",0.0003164739521589658,26,Gıda ve alkolsüz içecekler
144,Kraker,"Diğer fırıncılık ürünleri (bisküvi, kek, kraker, yufka, baklava vb.)",0.000710539396868312,4,Gıda ve alkolsüz içecekler
145,Kravat,"Diğer giyim eşyaları ve aksesuarları (kravat, kemer, eşarp vb.)",0.0001304288770373497,47,Giyim ve ayakkabı
146,Krem Peynir,Peynir,0.0006521962084987476,16,Gıda ve alkolsüz içecekler
147,Kuru Fasulye,Kuru baklagiller,0.0011200358487377254,25,Gıda ve alkolsüz içecekler
148,Kuru Kayısı,Kuru meyve ve sert kabuklu yemişler,0.0004055261889352589,22,Gıda ve alkolsüz içecekler
149,Kuru Soğan,Taze sebzeler (patates hariç),0.0036920237228624904,23,Gıda ve alkolsüz içecekler
150,Kuru Temizleme Ücreti,Giyim eşyalarının temizlenmesi ve tadilatı,0.0004417677210440988,48,Giyim ve ayakkabı
151,Kuru Üzüm,Kuru meyve ve sert kabuklu yemişler,0.00041110506144896445,22,Gıda ve alkolsüz içecekler
152,Kuzu Eti,Kuzu eti,0.010591231207669628,8,Gıda ve alkolsüz içecekler
153,Kömür Ücreti,"Katı yakıtlar (odun, kömür)",0.007126148491633601,59,Konut
154,Köprü Geçiş Ücreti,Kişisel ulaştırma araçları ile ilgili diğer hizmetler (köprü ve otoban geçiş ücretleri dahil),5.749446002504223e-05,96,Ulaştırma
155,Kırmızı Lahana,Taze sebzeler (patates hariç),0.00022760736272886507,23,Gıda ve alkolsüz içecekler
156,Kırmızı Turp,Taze sebzeler (patates hariç),0.00023833725096049843,23,Gıda ve alkolsüz içecekler
157,Kıvırcık,Taze sebzeler (patates hariç),0.001084434441293808,23,Gıda ve alkolsüz içecekler
158,LPG (Araba Tüpü Dolum)  Ücreti,"Kişisel ulaştırma araçlarının yakıt ve yağları (benzin, motorin, motor yağı)",0.011413006993515268,94,Ulaştırma
159,Leblebi,Kuru meyve ve sert kabuklu yemişler,0.0004582269369280738,22,Gıda ve alkolsüz içecekler
160,Limon,Taze meyveler,0.0015841162267512684,21,Gıda ve alkolsüz içecekler
161,Lokum,Çikolata ve şekerlemeler,0.0008809793049908322,29,Gıda ve alkolsüz içecekler
162,Maden Suyu ve Sodası,Su ve maden suyu,0.0008482130218096855,35,Gıda ve alkolsüz içecekler
163,Makarna,Makarna çeşitleri,0.0030394655487987116,5,Gıda ve alkolsüz içecekler
164,Makyaj Malzemeleri,"Kişisel hijyen ve bakım için kullanılan ürünler, kozmetikler",0.0011225574096394707,135,Çeşitli mal ve hizmetler
165,Mandalina,Taze meyveler,0.0021888409382528765,21,Gıda ve alkolsüz içecekler
166,Mantar,Taze sebzeler (patates hariç),0.00081436724455917,23,Gıda ve alkolsüz içecekler
167,Margarin,Margarin,0.0008444995828499515,19,Gıda ve alkolsüz içecekler
168,Maydanoz,Taze sebzeler (patates hariç),0.0008354819437458512,23,Gıda ve alkolsüz içecekler
169,Mayonez,"Başka yerde sınıflandırılamayan diğer gıda ürünleri (tuz, kabartma maddeleri, sirke, ketçap, mayonez vb.)",0.00022961435941321103,31,Gıda ve alkolsüz içecekler
170,Mendil,"Kişisel hijyen ve bakım için kullanılan ürünler, kozmetikler",0.0011917424136697371,135,Çeşitli mal ve hizmetler
171,Mercimek,Kuru baklagiller,0.0013147601233808484,25,Gıda ve alkolsüz içecekler
172,Metro Ücreti,Demiryolu ile şehir içi yolcu taşımacılığı,3.595880608603466e-05,97,Ulaştırma
173,Meyve Suyu,Meyve ve sebze suları,0.0012650654596746986,37,Gıda ve alkolsüz içecekler
174,Motor Yağları,"Kişisel ulaştırma araçlarının yakıt ve yağları (benzin, motorin, motor yağı)",0.00036928873042007664,94,Ulaştırma
175,Motorin,"Kişisel ulaştırma araçlarının yakıt ve yağları (benzin, motorin, motor yağı)",0.01662164282880224,94,Ulaştırma
176,Motorsiklet,Motosikletler,0.004914662286125669,91,Ulaştırma
177,Muz,Taze meyveler,0.004332016712991492,21,Gıda ve alkolsüz içecekler
178,Mücevher (Altın),"Mücevheratlar, saat ve kol saatleri",0.004915768739641257,136,Çeşitli mal ve hizmetler
179,Müzik Aletleri ,Müzik enstrümanları,0.0009068018237733847,111,Eğlence ve kültür
180,Nane,Taze sebzeler (patates hariç),0.00012798107369213878,23,Gıda ve alkolsüz içecekler
181,Nar,Taze meyveler,0.0003863533673145419,21,Gıda ve alkolsüz içecekler
182,Nevresim Takımı,Ev tekstili,0.001433373578329251,64,Ev eşyası
183,No-Frost Buzdolabı,"Buzdolabı, derin dondurucu",0.0060627649452267155,65,Ev eşyası
184,Nohut,Kuru baklagiller,0.0007093466450688587,25,Gıda ve alkolsüz içecekler
185,Odun Ücreti,"Katı yakıtlar (odun, kömür)",0.0023379566136244216,59,Konut
186,Okul Defteri,Kırtasiye malzemeleri,0.0004647669988175851,122,Eğlence ve kültür
187,Okul Çantası,Seyahat malzemeleri ve diğer kişisel aksesuarlar,0.0006526065952212698,137,Çeşitli mal ve hizmetler
188,Otoban Geçiş Ücreti,Kişisel ulaştırma araçları ile ilgili diğer hizmetler (köprü ve otoban geçiş ücretleri dahil),0.00012443929548011263,96,Ulaştırma
189,Otomobil (Benzinli),Benzinli otomobiller (sıfır km),0.07666379486101582,90,Ulaştırma
190,Otomobil (Dizel),Dizel otomobiller (sıfır km),0.007978260567229391,89,Ulaştırma
191,Otopark Ücreti,Kişisel ulaştırma araçları ile ilgili diğer hizmetler (köprü ve otoban geçiş ücretleri dahil),0.0004063002935821334,96,Ulaştırma
192,Oturma Odası Takımı,Yemek odası ve oturma odası mobilyaları,0.008311867872577558,62,Ev eşyası
193,Oyuncak,"Oyunlar, oyuncaklar ve hobiler",0.0011529196997356666,112,Eğlence ve kültür
194,Pantolon (Erkek için),Erkek giyim,0.0066780305283019705,43,Giyim ve ayakkabı
195,Pantolon (Kadın için),Kadın giyim,0.005067094129611744,44,Giyim ve ayakkabı
196,Pantolon (Çocuk için),Çocuk giyim,0.0024126149056178147,45,Giyim ve ayakkabı
197,Pardösü (Kadın için),Kadın giyim,0.0005234845686542358,44,Giyim ve ayakkabı
198,Parfüm,"Kişisel hijyen ve bakım için kullanılan ürünler, kozmetikler",0.0014819360856287616,135,Çeşitli mal ve hizmetler
199,Pasta,"Diğer fırıncılık ürünleri (bisküvi, kek, kraker, yufka, baklava vb.)",0.0034536527924345782,4,Gıda ve alkolsüz içecekler
200,Pastane Ürünleri,"Lokanta, pastane, kafe vb. yerlerde yenen yemekler",0.00412750476184018,128,Lokanta ve oteller
201,Patates,Patates,0.002083856551193045,24,Gıda ve alkolsüz içecekler
202,Patlıcan,Taze sebzeler (patates hariç),0.0023861718807240023,23,Gıda ve alkolsüz içecekler
203,Pekmez,"Reçel, marmelat, bal vb. ürünler",0.000520948969030343,28,Gıda ve alkolsüz içecekler
204,Perde,Ev tekstili,0.0006490215353678625,64,Ev eşyası
205,Pideler,"Lokanta, pastane, kafe vb. yerlerde yenen yemekler",0.008123015924716412,128,Lokanta ve oteller
206,Pijama (Erkek için),Erkek giyim,0.0002548484549769147,43,Giyim ve ayakkabı
207,Pijama (Kadın için),Kadın giyim,0.0010226500063595196,44,Giyim ve ayakkabı
208,Pijama (Çocuk için),Çocuk giyim,0.0004573681184701376,45,Giyim ve ayakkabı
209,Pike Takımı,Ev tekstili,0.0005298397002153898,64,Ev eşyası
210,Pil,"Çeşitli küçük aksesuarlar (pil, ampul vb.)",0.000404363281337065,75,Ev eşyası
211,Pirinç,Pirinç,0.0033999641114823916,1,Gıda ve alkolsüz içecekler
212,Pizzalar,"Lokanta, pastane, kafe vb. yerlerde yenen yemekler",0.0034682680960766614,128,Lokanta ve oteller
213,Plastik Mutfak Eşyaları,"Elektriksiz mutfak eşyaları ve ev gereçleri (tencere, tava, çaydanlık vb.)",0.000990595603446999,74,Ev eşyası
214,Porselen Ev Eşyası,"Cam, porselen, seramik vb. mutfak eşyaları",0.0016411570784527433,72,Ev eşyası
215,Portakal,Taze meyveler,0.002311359750607604,21,Gıda ve alkolsüz içecekler
216,Pırasa,Taze sebzeler (patates hariç),0.0005869667169526581,23,Gıda ve alkolsüz içecekler
217,Resim Boyaları,Kırtasiye malzemeleri,0.000245448079822445,122,Eğlence ve kültür
218,Reçel,"Reçel, marmelat, bal vb. ürünler",0.0003461624570674184,28,Gıda ve alkolsüz içecekler
219,Roka,Taze sebzeler (patates hariç),0.0002372638167999456,23,Gıda ve alkolsüz içecekler
220,Saat,"Mücevheratlar, saat ve kol saatleri",0.0006841446366972228,136,Çeşitli mal ve hizmetler
221,Sabun,"Kişisel hijyen ve bakım için kullanılan ürünler, kozmetikler",0.00046201758062411753,135,Çeşitli mal ve hizmetler
222,Sakatat,Diğer etler ve yenilebilir sakatatlar,0.0007317661535702996,10,Gıda ve alkolsüz içecekler
223,Sakız,Çikolata ve şekerlemeler,0.0005264341122300885,29,Gıda ve alkolsüz içecekler
224,Salam,"Şarküteri ürünleri (sucuk, sosis, salam vb.)",0.00099965373272348,11,Gıda ve alkolsüz içecekler
225,Salatalık,Taze sebzeler (patates hariç),0.004382835654858868,23,Gıda ve alkolsüz içecekler
226,Salça,"Konserve edilmiş veya işlenmiş sebze içerikli ürünler (salça, turşu, zeytin vb. dahil)",0.0021706148743828907,26,Gıda ve alkolsüz içecekler
227,Sarımsak,Taze sebzeler (patates hariç),0.0008345636036468189,23,Gıda ve alkolsüz içecekler
228,Saç Bakım Ürünleri,"Kişisel hijyen ve bakım için kullanılan ürünler, kozmetikler",0.003840966682527595,135,Çeşitli mal ve hizmetler
229,Scooter (Çocuk),"Oyunlar, oyuncaklar ve hobiler",0.0012326566353669157,112,Eğlence ve kültür
230,Sehpa,Yemek odası ve oturma odası mobilyaları,0.00024995144493843125,62,Ev eşyası
231,Sirke,"Başka yerde sınıflandırılamayan diğer gıda ürünleri (tuz, kabartma maddeleri, sirke, ketçap, mayonez vb.)",0.0003472855627057589,31,Gıda ve alkolsüz içecekler
232,Sivri Biber,Taze sebzeler (patates hariç),0.002521270183656815,23,Gıda ve alkolsüz içecekler
233,Soba,Klima ve ısıtıcılar,0.0003572014116883504,68,Ev eşyası
234,Sosis,"Şarküteri ürünleri (sucuk, sosis, salam vb.)",0.0005656899414171215,11,Gıda ve alkolsüz içecekler
235,Soğuk Çay,"Alkolsüz içecekler (meşrubat, ayran vb.)",0.00029806498852779034,36,Gıda ve alkolsüz içecekler
236,Soğuk İçecekler (Servis edilen),"Lokanta, pastane, kafe vb. yerlerde içilen içecekler",0.0008449858482031276,129,Lokanta ve oteller
237,Spor Ayakkabısı (Erkek için),Erkek ayakkabısı,0.003536255247286347,49,Giyim ve ayakkabı
238,Spor Ayakkabısı (Kadın için),Kadın ayakkabısı,0.0025255000191809042,50,Giyim ve ayakkabı
239,Spor Ayakkabısı (Çocuk için),Çocuk ve bebek ayakkabısı,0.0018001667652736255,51,Giyim ve ayakkabı
240,Sporla İlgili Aletler (Futbol Topu),"Spor, kamp ve açık hava eğlence malzemeleri",0.0012220253277376854,113,Eğlence ve kültür
241,Stor Perde,Ev tekstili,0.0009893688703755772,64,Ev eşyası
242,Su,Su ve maden suyu,0.003538557668143176,35,Gıda ve alkolsüz içecekler
243,Su Faturası,Su (şebeke suyu),0.02394711369927585,55,Konut
244,Sucuk,"Şarküteri ürünleri (sucuk, sosis, salam vb.)",0.0051719893909531935,11,Gıda ve alkolsüz içecekler
245,Sweatshirt (Erkek için),Erkek giyim,0.0006995449137461267,43,Giyim ve ayakkabı
246,Sweatshirt (Kadın için),Kadın giyim,0.0009127124764994709,44,Giyim ve ayakkabı
247,Sweatshirt (Çocuk için),Çocuk giyim,0.0006921944935667265,45,Giyim ve ayakkabı
248,Sürücü Eğitim Kurs Ücreti,Kişisel ulaştırma araçları ile ilgili diğer hizmetler (köprü ve otoban geçiş ücretleri dahil),0.0010132791415131345,96,Ulaştırma
249,Süt,Süt,0.007106215331472005,14,Gıda ve alkolsüz içecekler
250,Sıcak İçecek Makinaları,Elektrikli küçük ev aletleri,0.001160837763581501,70,Ev eşyası
251,Sıcak İçecekler (Servis edilen),"Lokanta, pastane, kafe vb. yerlerde içilen içecekler",0.01319599411889409,129,Lokanta ve oteller
252,Tablet (Bilgisayar),Bilgisayar ve ekipmanları,0.0002011904452841123,109,Eğlence ve kültür
253,Tahin,"Başka yerde sınıflandırılamayan diğer gıda ürünleri (tuz, kabartma maddeleri, sirke, ketçap, mayonez vb.)",0.0005839184223918709,31,Gıda ve alkolsüz içecekler
254,Tahin Helvası,"Reçel, marmelat, bal vb. ürünler",0.0005701128460781394,28,Gıda ve alkolsüz içecekler
255,Tahıl Gevreği,Kahvaltılık tahıl ürünleri,0.0005328294386244434,6,Gıda ve alkolsüz içecekler
256,Takım Elbise (Erkek için),Erkek giyim,0.0018108315494323277,43,Giyim ve ayakkabı
257,Tavuk Eti,Tavuk eti,0.01584928158958875,9,Gıda ve alkolsüz içecekler
258,Tayt (Çocuk için),Çocuk giyim,0.0004774477588785201,45,Giyim ve ayakkabı
259,Taze Fasulye,Taze sebzeler (patates hariç),0.0016828254992517651,23,Gıda ve alkolsüz içecekler
260,Teflon Mutfak Eşyaları,"Elektriksiz mutfak eşyaları ve ev gereçleri (tencere, tava, çaydanlık vb.)",0.00047572423293526034,74,Ev eşyası
261,Tek Masa,Mutfak mobilyaları,0.0019826946069322637,60,Ev eşyası
262,Tek Sandalye,Mutfak mobilyaları,0.002087548451077869,60,Ev eşyası
263,Telefon Ekipmanları (Cep Telefonu),"Mobil telefon, ekipman ve aksesuarları",0.012076460974896395,106,Haberleşme
264,Telefon Onarım Ücreti,"Mobil telefon, ekipman ve aksesuarları",0.0008128848279171917,106,Haberleşme
265,Televizyon,Televizyonlar,0.006624457757340301,108,Eğlence ve kültür
266,Tereyağı (Kahvaltılık),Tereyağı,0.003886274064004223,18,Gıda ve alkolsüz içecekler
267,Terlik (Kadın için),Kadın ayakkabısı,0.0010437001101023058,50,Giyim ve ayakkabı
268,Test Kitapları,Kitaplar,0.0018832874826098188,120,Eğlence ve kültür
269,Tişört (Erkek için),Erkek giyim,0.0028091810923010748,43,Giyim ve ayakkabı
270,Tişört (Kadın için),Kadın giyim,0.0034590401704085493,44,Giyim ve ayakkabı
271,Tişört (Çocuk için),Çocuk giyim,0.002432980815099022,45,Giyim ve ayakkabı
272,Toz Şeker,Şeker,0.0035583991647909516,27,Gıda ve alkolsüz içecekler
273,Tramvay Ücreti,Demiryolu ile şehir içi yolcu taşımacılığı,2.7550699215607545e-05,97,Ulaştırma
274,Tulum Peyniri,Peynir,0.0016724388950855606,16,Gıda ve alkolsüz içecekler
275,Turşu,"Konserve edilmiş veya işlenmiş sebze içerikli ürünler (salça, turşu, zeytin vb. dahil)",0.000371019803895673,26,Gıda ve alkolsüz içecekler
276,Tuvalet Kağıdı,"Kişisel hijyen ve bakım için kullanılan ürünler, kozmetikler",0.0027710711560770514,135,Çeşitli mal ve hizmetler
277,Tuvalet ve Güzellik Sabunu,"Kişisel hijyen ve bakım için kullanılan ürünler, kozmetikler",0.0014523049233910266,135,Çeşitli mal ve hizmetler
278,Tuz,"Başka yerde sınıflandırılamayan diğer gıda ürünleri (tuz, kabartma maddeleri, sirke, ketçap, mayonez vb.)",0.0004524614847211123,31,Gıda ve alkolsüz içecekler
279,Tül,Ev tekstili,0.0005906680358623336,64,Ev eşyası
280,Tüp Gaz Ücreti,Tüpgaz (ev tüpü),0.005573479099930725,58,Konut
281,Tıraş Malzemeleri,"Kişisel hijyen ve bakım için kullanılan ürünler, kozmetikler",0.0006305017234075021,135,Çeşitli mal ve hizmetler
282,Veteriner Ücreti,Evcil hayvanlarla ilgili veterinerlik ve diğer hizmetler,0.000343147733013299,115,Eğlence ve kültür
283,Yastık,Ev tekstili,0.00028479258940587504,64,Ev eşyası
284,Yatak (Tek Kişilik),Yatak odası mobilyaları,0.000602737505587112,61,Ev eşyası
285,Yatak (Çift Kişilik),Yatak odası mobilyaları,0.0011875027323240814,61,Ev eşyası
286,Yatak Bazası,Yatak odası mobilyaları,0.0011330649705278148,61,Ev eşyası
287,Yatak Odası Takımı,Yatak odası mobilyaları,0.0036590962653699458,61,Ev eşyası
288,Yatak Örtüsü,Ev tekstili,0.00046980145179522834,64,Ev eşyası
289,Yemek Odası Takımı,Yemek odası ve oturma odası mobilyaları,0.0017058385279498044,62,Ev eşyası
290,Yer Fıstığı,Kuru meyve ve sert kabuklu yemişler,0.0010981994189759672,22,Gıda ve alkolsüz içecekler
291,Yer ve Duvar Döşemesi,Konutun bakım ve onarımı için malzemeler,0.0025906337292194255,54,Konut
292,Yorgan,Ev tekstili,0.00030513717272516114,64,Ev eşyası
293,Yoğurt,"Diğer süt ürünleri (yoğurt, hazır sütlü tatlı vb.)",0.005633406651154818,15,Gıda ve alkolsüz içecekler
294,Yumurta,Yumurta,0.008114542469451645,17,Gıda ve alkolsüz içecekler
295,Zeytin,"Konserve edilmiş veya işlenmiş sebze içerikli ürünler (salça, turşu, zeytin vb. dahil)",0.004963973056554744,26,Gıda ve alkolsüz içecekler
296,Zeytinyağı,"Sıvı yağlar (zeytinyağı, ayçiçek yağı)",0.004919477325412914,20,Gıda ve alkolsüz içecekler
297,Çamaşır Makinesi,Çamaşır ve bulaşık makineleri,0.0060579483284749274,66,Ev eşyası
298,Çamaşır İçin Temizlik ve Bakım Ürünleri,"Ev ile ilgili temizlik malzemeleri (deterjan, yumuşatıcı vb.)",0.008807445359598732,77,Ev eşyası
299,Çanta (Kadın İçin),Seyahat malzemeleri ve diğer kişisel aksesuarlar,0.0012176474120986513,137,Çeşitli mal ve hizmetler
300,Çarliston Biber,Taze sebzeler (patates hariç),0.0007529581271293768,23,Gıda ve alkolsüz içecekler
301,Çay,Çay ve bitki çayları,0.007196719588269038,33,Gıda ve alkolsüz içecekler
302,Çelik Mutfak Eşyaları,"Elektriksiz mutfak eşyaları ve ev gereçleri (tencere, tava, çaydanlık vb.)",0.001498395674346802,74,Ev eşyası
303,Çikolata Krem,Çikolata ve şekerlemeler,0.0020979395553355944,29,Gıda ve alkolsüz içecekler
304,Çikolata Tablet,Çikolata ve şekerlemeler,0.003484976221824986,29,Gıda ve alkolsüz içecekler
305,Çilek,Taze meyveler,0.0010459695577851296,21,Gıda ve alkolsüz içecekler
306,Çiğ Köfte,"Lokanta, pastane, kafe vb. yerlerde yenen yemekler",0.004355330869444217,128,Lokanta ve oteller
307,Çocuk Kitapları,Kitaplar,0.00038599136624715877,120,Eğlence ve kültür
308,Çorap (Erkek için),Erkek giyim,0.0007933929378238216,43,Giyim ve ayakkabı
309,Çorap (Kadın için),Kadın giyim,0.0010303375865991192,44,Giyim ve ayakkabı
310,Çorap (Çocuk için),Çocuk giyim,0.0006738848370694283,45,Giyim ve ayakkabı
311,Çorbalar,"Lokanta, pastane, kafe vb. yerlerde yenen yemekler",0.003609364871660511,128,Lokanta ve oteller
312,Örgü Yünü,"Diğer giyim eşyaları ve aksesuarları (kravat, kemer, eşarp vb.)",0.0007906789379272223,47,Giyim ve ayakkabı
313,Özel Lise Ücreti,Orta öğretim,0.009628986923836954,125,Eğitim
314,Özel Üniversite Ücreti,Üniversite eğitimi,0.00849438308647967,126,Eğitim
315,Özel İlköğretim Ücreti,Okul öncesi eğitim ve ilköğretim,0.006307887843344009,124,Eğitim
316,Ütü,Elektrikli küçük ev aletleri,0.0005294255247383427,70,Ev eşyası
317,Üzüm,Taze meyveler,0.001964958298718946,21,Gıda ve alkolsüz içecekler
318,İç Çamaşırı (Erkek için),Erkek giyim,0.0011786582378010236,43,Giyim ve ayakkabı
319,İç Çamaşırı (Kadın için),Kadın giyim,0.002385307603477176,44,Giyim ve ayakkabı
320,İç çamaşırı (Çocuk için),Çocuk giyim,0.0005233267412284138,45,Giyim ve ayakkabı
321,Şeftali,Taze meyveler,0.0010319669142294073,21,Gıda ve alkolsüz içecekler
322,Şehriye,Makarna çeşitleri,0.000426492797172231,5,Gıda ve alkolsüz içecekler
323,Şemsiye,Başka yerde sınıflandırılmamış diğer kişisel aksesuarlar,0.00030969387628037003,138,Çeşitli mal ve hizmetler
