,Ürün Adı,2025-01-25
Antep Fıstığı,Tadım Antep Fıstığı 180 gr,210.55
Antep Fıstığı,Tadım Antep Fıstığı 122 gr,143.35
Antep Fıstığı,Emsal Kuruyemiş Antep Fıstığı 150 gr,145.55
Armut,Armut Santa,33.58
Armut,Armut Deveci,33.58
Ay Çekirdeği,Emsal Siyah Çekirdek Tuzsuz 1000 gr,95.15
Ay Çekirdeği,Emsal Siyah Çekirdek Tuzlu 1000 gr,95.15
Ay Çekirdeği,Emsal Siyah Çekirdek Tuzsuz 250 gr,33.55
Ay Çekirdeği,Emsal Siyah Çekirdek Tuzlu 400 gr,39.95
Ay Çekirdeği,Emsal Siyah Çekirdek Tuzsuz 400 gr,39.95
Ay Çekirdeği,Peyman Çitliyo Kara Şimşek Tuzlu 120 gr,24.65
Ay Çekirdeği,Peyman Çitliyo Kara Şimşek Tuzlu 180 gr,35.85
Ay Çekirdeği,Peyman Çitliyo Kara Şimşek 180 gr,35.85
Ay Çekirdeği,Tadım Ayçekirdeği Siyah Tuzlu 180 gr,35.85
Ay Çekirdeği,Tadım Siyah Ayçekirdeği 180 gr,35.85
Ay Çekirdeği,Peyman Çitliyo Kara Şimşek 120 gr,24.65
Ay Çekirdeği,Emsal Siyah Çekirdek Tuzlu 250 gr,32.35
Ayran,Eker Ayran 1.5 L,75.0
Ayran,Özerhisar  Ayran 1 lt,97.4
Ayran,Pınar Ayran 1 L,48.1
Ayran,Torku Ayran 2 L,89.55
Ayran,Eker Tombul Ayran 293 ml,20.7
Ayran,Eker Tombul Ayran 195 ml,14.0
Ayran,Sütaş Ayran 1 L,44.75
Ayran,Eker Ayran 1 L,50.95
Ayran,Eker Ayran 300 ml,19.6
Ayran,Eker Tombul Ayran 6X195 ml,78.35
Ayran,İçim Ayran 1 L,44.75
Ayran,İçim Ayran Şişe 1.5 L,63.8
Ayran,Sütaş Ayran 300 ml,14.55
Ayran,Sütaş Ayran 2 L,76.95
Ayran,Sütaş Ayran 225 ml,11.2
Ayva,Ayva,29.98
Ayçiçek Yağı,Kırlangıç Ayçiçek Pet 5 L,436.75
Ayçiçek Yağı,Komili Ayçiçek Yağı 2 L,200.4
Ayçiçek Yağı,Komili Ayçiçek Yağı 1 L,100.75
Ayçiçek Yağı,Kırlangıç Ayçiçek 4 L,375.15
Ayçiçek Yağı,Komili Ayçiçek Yağı Pet 4 L,299.95
Ayçiçek Yağı,Yudum Ayçiçek Yağı Pet 5 L,414.35
Ayçiçek Yağı,Yudum Ayçiçek 4 L,335.95
Ayçiçek Yağı,Yudum Ayçiçek Yağı 1 L,111.95
Ayçiçek Yağı,Yudum Ayçiçek Yağı 2 L,218.35
Ayçiçek Yağı,Biryağ Ayçiçek 2 L,200.4
Ayçiçek Yağı,Biryağ Ayçiçek 1 L,100.75
Ayçiçek Yağı,Kırlangıç Ayçiçek Yağı 2 L,195.95
Ayçiçek Yağı,Kırlangıç Ayçiçek Yağı 1 L,98.5
Badem İçi,Tadım Badem İçi 180 gr,161.3
Badem İçi,Tadım Çiğ  Badem İçi 180 gr,156.8
Badem İçi,Emsal Kuruyemiş Badem İçi Kavrulmuş 150 gr,94.65
Baharat,Deva Zerdeçal Quadro 60 gr,32.4
Baharat,Bağdat Cajun Quadro 80 gr,59.3
Baharat,Deva Haşhaş Mavi Quadro 65 gr,31.3
Baharat,Deva Cajun Quadro 65 gr,32.4
Baharat,Deva Zencefil Quadro 50 gr,35.8
Baharat,Knorr Zerdeçal 60 gr,54.8
Baharat,Bağdat Çeşni Salata-Sebze Değirmen 45 gr,97.4
Baharat,Deva Nane 25gr,20.1
Baharat,Deva Kırmızı Pul Biber Ekonomik 200 gr,89.5
Baharat,Deva Kekik Ekonomik 60 gr,41.4
Baharat,Otana Dolmalık Fıstık 25 gr,67.15
Baharat,Knorr Zencefil 50 gr,54.8
Baharat,Deva Tarçın 40 gr,27.95
Baharat,Deva Susam 65gr,30.2
Baharat,Deva Pul Kırmızı Biber 65 gr,35.8
Baharat,Deva Hindistan Cevizi Rende Ekonomik,83.95
Baharat,Knorr Pul Biber 65 gr,67.15
Baharat,Nardem Keten Tohumu 150 gr,25.7
Baharat,Knorr Kekik 20 gr,32.4
Baharat,Deva Dolmalık Fıstık 23 gr,83.95
Baharat,Bağdat Sarımsak Toz 70 gr,55.9
Baharat,Bağdat Soğan Toz 65 gr,43.55
Baharat,Knorr Kekik 55 gr,55.95
Baharat,Knorr Hindistan Cevizi 40 gr,35.8
Baharat,Knorr Çörek Otu 60 gr,44.75
Baharat,Öncü Pul Biber 200 gr,48.55
Baharat,Knorr Karabiber 60 gr,83.95
Baharat,Knorr Pul Biber 200 gr,134.35
Baharat,Knorr Karanfil 15 gr,44.75
Baharat,Bağdat Soğan Toz Cam 38 gr,58.2
Baharat,Bağdat Zerdeçal Quadro 70 gr,52.6
Baharat,Bağdat Sarımsak Toz Cam 48 gr,64.9
Baharat,Deva Sumak 70 gr,40.25
Baharat,Knorr Sumak 70 gr,63.8
Baharat,Knorr Kimyon 65 gr,67.15
Baharat,Knorr Kuru Nane 65 gr,78.35
Baharat,Deva Kekik 25 gr,17.85
Baharat,Deva Kimyon 65gr,39.15
Baharat,Hünkar Keten Tohumu 500 gr,44.75
Baharat,Bağdat Çörek Otu 75 gr,49.2
Baharat,Bağdat Mahlep 30 gr,78.35
Baharat,Bağdat Zencefil 60 gr,59.3
Baharat,Bağdat Hindistan Cevizi 50 gr,47.0
Baharat,Bağdat Kırmızı Tatlı Biber 75 gr,61.55
Baharat,Bağdat Karbonat 150 gr,31.3
Baharat,Bağdat Haşhaş Mavi 80 gr,51.45
Baharat,Bağdat Tarçın 45 gr,43.6
Baharat,Bağdat Sarımsak Granül 40 gr,41.4
Baharat,Bağdat Hindistan Cevizi Eko Poşet 160 gr,128.75
Baharat,Bağdat Yeni Bahar 40 gr,67.15
Baharat,Bağdat Limon Tuzu 60 gr,34.65
Baharat,Bağdat Sumak 80 gr,64.9
Baharat,Bağdat Susam 75 gr,48.1
Baharat,Bağdat Köri 70 gr,48.1
Baharat,Bağdat Defne Yaprağı 6 gr,25.7
Baharat,Deva Kuş Üzümü 40 gr,35.8
Baharat,Bağdat Pul Biber Ekonomik Poşet 210 gr,128.75
Baharat,Bağdat Dolma Baharatı 40 gr,32.4
Baharat,Bağdat Nane 30 gr,32.4
Baharat,Bağdat Nane Eko Poset 70 gr,61.55
Baharat,Bağdat Kırmızı Acı Biber 75 gr,67.15
Baharat,Bağdat Fesleğen 30 gr,26.8
Baharat,Bağdat İsot Biber 80 gr,61.55
Baharat,Bağdat Köfte Baharı 65 gr,53.7
Baharat,Bağdat Ekstra Acı Pul Biber 80 gr,64.9
Baharat,Bağdat Sebzeli Çeşni 250 gr,53.7
Baharat,Bağdat Tavuk Çeşnisi Değirmen 50 gr,97.4
Baharat,Bağdat Kırmızı Pul Biber 80 gr,61.55
Baharat,Bağdat Karabiber Tane 40 gr,65.25
Baharat,Bağdat Kekik Eko Poşet 60 gr,61.55
Baharat,Bağdat Antep Fıstığı Rende 30 gr,123.15
Baharat,Bağdat Karabiber 40 gr,62.65
Baharat,Bağdat Karanfil 15 gr,42.5
Baharat,Bağdat Kuş Üzümü 40 gr,49.2
Baharat,Bağdat Biberiye 35 gr,32.4
Baharat,Bağdat Kimyon 75 gr,61.55
Baharat,Bağdat Kabuk Tarçın 45 gr,70.5
Baharat,Bağdat Kekik 25 gr,30.2
Bal,Binboğa Çam Bal 240 gr,184.75
Bal,Balparmak Bal Çiçek 600 gr,436.75
Bal,Binboğa Bal Çiçek 1500 gr,671.95
Bal,Canpetek Petekli Çiçek Balı Anadolu Serisi 430 gr,268.75
Bal,Canpetek Süzme Çicek Bal 1000 gr,279.95
Bal,Binboğa Çiçek Balı Tüp 90 gr,70.5
Bal,Balparmak Çiçek Balı 650 gr,425.55
Bal,Canpetek Petekli Çiçek Balı 400 gr,179.15
Bal,Canpetek Süzme Çiçek Bal Çıt Kapak 280 gr,128.75
Bal,Canpetek Petekli Çiçek Balı 250GR,117.55
Bal,Balparmak Bal Çiçek 850 gr + 90 gr Cam Hediyeli,425.55
Bal,Binboğa Çam Bal 460 gr,307.95
Bal,Anavarza Bal Keven-Kekik 220 gr,139.95
Bal,Binboğa Çiçek Bal 460 gr,223.95
Bal,Balparmak Çiçek Yayla ve Ova Balı 460 gr,279.95
Bal,Binboğa Çiçek Bal 40 gr,47.0
Bal,Binboğa Çam Balı 850 gr,537.55
Bal,Balparmak Çiçek Balı 460 gr,335.95
Bal,Anavarza Bal Suzme Cam Tüp 40 gr,35.8
Bal,Anavarza Bal Çiçek 850 gr,299.95
Bal,Anavarza Bal Çiçek 450 gr,212.75
Bal,Anavarza Bal Çiçek 220 gr,139.95
Bal,Anavarza Bal Çam 850 gr,447.95
Bal,Balparmak Çiçek Balı 225 gr,179.15
Bal,Balparmak Yayla ve Ova Balı 850 gr,425.55
Bal,Anavarza Bal Çam 450 gr,279.95
Bal,Binboğa Çiçek Bal 240 gr,123.15
Bal,Binboğa Çiçek Bal 650 gr,307.95
Bal,Binboğa Çiçek Bal 325 gr,173.55
Bal,City Farm Organik Çiçek Balı 480 gr,319.15
Bal,Binboğa Çiçek Bal 850 gr,391.95
Bebek Sütü (Toz Karışım),Milupa Aptamil 2 Devam Sütü 1200 gr,1181.55
Bebek Sütü (Toz Karışım),Milupa Aptamil 1 Bebek Sütü 1200 gr,1181.55
Bebek Sütü (Toz Karışım),Milupa Aptamil Prosyneo2 6-12 Ay 400 gr,559.95
Bebek Sütü (Toz Karışım),Milupa Aptamil Prosyneo3 +1 Yaş 400 gr,559.95
Beyaz Peynir,Ünal Klasik Peynir 500 gr,246.35
Beyaz Peynir,Sütaş Beyaz Peynir 900 gr,246.35
Beyaz Peynir,Teksüt Light Peynir 500 gr,123.15
Beyaz Peynir,Teksüt Süzme Peynir 250 gr,63.8
Beyaz Peynir,Teksüt Üçgen Peynir 100 gr,39.15
Beyaz Peynir,Pınar Yarım Yağlı Süzme Peynir 1000 gr,246.35
Beyaz Peynir,Ünal Klasik Peynir,319.16
Beyaz Peynir,Ünal Klasik Peynir Dilimli 450 gr,246.35
Beyaz Peynir,Sütaş Klasik Peynir Dilimli 450 gr,219.95
Beyaz Peynir,Seçkin Lokum Kıvamında Klasik Peynir,226.76
Beyaz Peynir,Uluova Klasık Peynir350 gr,184.75
Beyaz Peynir,Uluova Peynir Çeçil 250 gr,139.95
Beyaz Peynir,Sütaş Peynir Süzme 900 gr,189.85
Beyaz Peynir,Teksüt Süzme Peynir 400 gr,89.55
Beyaz Peynir,Ekici Peynir Klasik 250 gr,151.15
Beyaz Peynir,İçim Süzme Peynir 250 gr,67.15
Beyaz Peynir,Seçkin Peynir Klasik Dilimli 400 gr,223.95
Beyaz Peynir,Sütaş Beyaz Peynir 250 gr,78.35
Beyaz Peynir,Uluova Peynir Jalapeno Biberli 150 gr,78.35
Beyaz Peynir,Kebir Beyaz Peynir 800 gr,190.35
Beyaz Peynir,Sütaş Klasik Peynir 500 gr,219.95
Beyaz Peynir,Sütaş Tam Yağlı Beyaz Peynir 500 gr,145.55
Beyaz Peynir,İçim Peynir Taze 180 gr,59.3
Beyaz Peynir,Seçkin Lor Peynir,24.98
Beyaz Peynir,Sütaş Süzme Peynir 500 gr,111.45
Beyaz Peynir,Pınar Peynir Kahvaltı Keyfi 800 gr,279.95
Beyaz Peynir,Sütaş Süzme Peynir 250 gr,67.15
Beyaz Peynir,Trakya Yöresel Klasik Peynir,268.76
Beyaz Peynir,İçim Tam Yağlı Peynir 500 gr,145.55
Beyaz Peynir,Muzaffer Erdoğru Klasik Peynir,268.76
Beyaz Peynir,Seçkin Klasik Peynir,224.96
Beyaz Peynir,Pınar Süzme Peynir 500 gr,134.35
Beyaz Peynir,Ekici Lokum Kıvamında Beyaz Peynir,209.96
Beyaz Peynir,Torku Süzme Peynir 450 gr,123.15
Beyaz Peynir,İçim Süzme Peynir 500 gr,111.45
Beyaz Peynir,Pınar Süzme Peynir 250 gr,72.75
Beyaz Peynir,Sütaş Süzme Küp Küp Peynir 200 gr,67.15
Beyaz Peynir,Ekici Peynir Lokumlu 800 gr,199.95
Beyaz Peynir,İçim Peynir Süzme 900 gr,189.85
Beyaz Peynir,Seçkin Tam Yağlı Lor Peynir 500 gr,39.95
Beyaz Peynir,Seçkin Kültürlü Peynir,151.16
Bisküvi,Mcvities Digestive Karamel Tarçın 88 gr,30.25
Bisküvi,Mcvities Digestive Sütlü Kakaolu 90 gr,30.25
Bisküvi,Eti Petit Beurre 800 gr,95.15
Bisküvi,Eti Burçak Kurabiye Ay Çörekli 105 gr,24.65
Bisküvi,Mcvities Digestive Karamelli Bisküvi 120 gr,39.75
Bisküvi,Torku Bisküvi Premio Kakao Kremalı 258 gr,36.95
Bisküvi,Ülker Kakaolu Bisküvi 125 gr,22.4
Bisküvi,Eti Burçak Limonlu Kremalı 100 gr,20.7
Bisküvi,Ülker Hanımeller Mahlep Tuzlu Kurabiye 81 gr,17.9
Bisküvi,Torku Bisküvi Tam Yulaflı 125 gr,18.5
Bisküvi,Eti Burçak Hindistan Cevizli Kremalı 100 gr,20.7
Bisküvi,Eti Kremalı Bisküvi Saede 244 gr,40.3
Bisküvi,Ülker Saklıköy Cheesecake Limon100 gr,28.0
Bisküvi,Ülker Saklıköy Şeker İlavesiz Tahıllı 73 gr,14.0
Bisküvi,Fiorella Bisküvi Sütlü Çikolatalı 102 gr,61.55
Bisküvi,Ülker Hanımeller Frambuaz Soslu 150 gr,35.85
Bisküvi,Ülker Hanımeller Zeytinli Biberli 81 gr,17.9
Bisküvi,Ülker Stars Cookie Albeni 47 gr,28.0
Bisküvi,Ülker Hanımelller Zencefil Tarçın 139 gr,29.0
Bisküvi,Ülker Stars Cookie Coco Star 47 gr,28.0
Bisküvi,Mcvities Digestive Original Bisküvi 133 gr,20.15
Bisküvi,Mcvities Digestive Sütlü Çikolata Kaplamalı Bisküvi 150 gr,34.7
Bisküvi,Mcvities Digestive Zero Sugar Original 133 gr,22.4
Bisküvi,Şölen Biscolata Starz Bitter 82 gr,22.4
Bisküvi,"Ülker Hanımeller Frambuaz Soslu 94,5 gr",20.7
Bisküvi,Mcvities Signature Karamel Çikolata Kaplı Bisküvi 109 gr,111.95
Bisküvi,Ülker Çiziviç Haşhaşlı Baharatlı 82 gr,18.5
Bisküvi,Eti Petit Beurre Kremalı 270 gr,47.6
Bisküvi,Ülker Pötibör Kakaolu Bisküvi 450 gr,61.05
Bisküvi,Ülker Rondo Kremalı Çilekli 61 gr,10.65
Bisküvi,Ülker Pötübör Kakaolu Bisküvi 175 gr,25.75
Bisküvi,Ülker Haylayf 64 gr,11.2
Bisküvi,Ülker Pötibör Çifte Kavrulmuş 450 gr,61.05
Bisküvi,Eti Sultani Üzümlü Kepekli Bisküvi 123 gr,20.15
Bisküvi,Ülker Hanımeller Damla Çikolatalı Kurabiye 82 gr,17.9
Bisküvi,Ülker Pötibör 450 gr,61.05
Bisküvi,Ülker Pötibör Çifte Kavrulmuş 175 gr,25.75
Bisküvi,Eti Yulaflı 125 gr,20.15
Bisküvi,Ülker Rondo Kremalı Muzlu 61 gr,10.65
Bisküvi,Eti Burçak Sütlü Çikolatalı 114 gr,35.3
Bisküvi,Ülker Hanımeller Fındıklı 82 gr,17.9
Bisküvi,Eti Burçak Çoklu 393 gr,49.85
Bisküvi,Torku Kremalı Fındıklı Bisküvi 61 gr,9.25
Bisküvi,Torku Tam buğdaylı Bisküvi 3X131 gr,46.5
Bisküvi,Torku Tam Kremalı Bisküvi 83 gr,14.85
Bisküvi,Torku Tam Yulaflı Bisküvi 375 gr,45.0
Bisküvi,Eti Burçak Kurabi Kakaolu 198 gr,52.65
Bisküvi,Ülker Hanımeller Asorti 150 gr,35.85
Bisküvi,Ülker Hanımeller Çikolata Çokodamla 150 gr,35.85
Bisküvi,Eti Burçak Bitter Çikolatalı 114 gr,35.3
Bisküvi,Ülker Finger 750 gr,103.05
Bisküvi,Torku Tam Buğdaylı Bisküvi 131 gr,18.5
Bisküvi,Ülker Pötibör Bisküvi 800 gr,98.0
Bisküvi,Torku Çikolata Kaplı Ruşeymli Bisküvi 252 gr,64.95
Bisküvi,Torku Pötibör 700 gr,74.5
Bisküvi,Torku Bisküvi Turtacık Portakallı 306 gr,41.0
Bisküvi,Eti Burçak 131 gr,20.15
Bisküvi,Ülker Pötibör 175 gr,25.75
Bisküvi,Eti Burçak Sütlü Kremalı 100 gr,20.7
Bisküvi,Torku Tam Çikolatam Bisküvi 83 gr,25.75
Bisküvi,Torku Ruşeymli Çikolata Kaplı Bisküvi 84 gr,24.65
Bitki ve Meyve Çayı (Poşet),Doğadan Büyülü Bohça Vanilyalı 20 gr,117.05
Bitki ve Meyve Çayı (Poşet),Doğuş Çay Limon Zencefil 20'li,50.35
Bitki ve Meyve Çayı (Poşet),Doğadan Rezene Çayı 40 gr,70.5
Bitki ve Meyve Çayı (Poşet),Lipton Çay Rezene 20'li,55.95
Bitki ve Meyve Çayı (Poşet),Doğadan Büyülü Bohça Kavun 12 gr,117.05
Bitki ve Meyve Çayı (Poşet),Doğadan Büyülü Bohça Sakura 12 gr,117.05
Bitki ve Meyve Çayı (Poşet),Doğadan Büyülü Bohça Masala Chai 22 gr,117.05
Bitki ve Meyve Çayı (Poşet),Lipton Çay Ihlamur 20'li,55.95
Bitki ve Meyve Çayı (Poşet),Doğadan Rahat Hisset 24 gr,70.5
Bitki ve Meyve Çayı (Poşet),Doğadan Bitki Çay Ayvalı Ihlamur 29 gr,70.5
Bitki ve Meyve Çayı (Poşet),Doğadan Bitki Çayı Zencefil Limon 35 gr,70.5
Bitki ve Meyve Çayı (Poşet),Doğadan Bitki Çayı Ihlamur 29 gr,70.5
Bitki ve Meyve Çayı (Poşet),Doğadan Regl Dönemine 28'li 25 gr,70.5
Bitki ve Meyve Çayı (Poşet),Doğadan Güçlü Hisset Çayı 18'li 36 gr,70.5
Bitki ve Meyve Çayı (Poşet),Hipp Organik Stilltee Emziren Anne Çayı 30 gr,134.35
Bitki ve Meyve Çayı (Poşet),Doğadan Büyülü Bohça Earl Grey 20 gr,117.05
Bitki ve Meyve Çayı (Poşet),Bağdat Ada Çayı 40 gr,43.6
Bitki ve Meyve Çayı (Poşet),Doğuş Çay Rezene 20'li,50.35
Bitki ve Meyve Çayı (Poşet),Doğuş Çay Kırmızı Meyveler 20'li,50.35
Bitki ve Meyve Çayı (Poşet),Lipton Çay Kuşburnu 20'li,55.95
Bitki ve Meyve Çayı (Poşet),Doğadan Yeşil Çay Sade 35 gr,70.5
Bitki ve Meyve Çayı (Poşet),Doğadan Meyve Çayı Kuşburnu 48 gr,67.15
Bitki ve Meyve Çayı (Poşet),Doğadan Nane Limon Çayı 40 gr,70.5
Bitki ve Meyve Çayı (Poşet),Doğuş Mistik Bitki Çayı 20'li,50.35
Bitki ve Meyve Çayı (Poşet),Lipton Çay Zencefil-Limon 20'li,55.95
Bitki ve Meyve Çayı (Poşet),Doğuş Çay Elma 20'li,50.35
Bitki ve Meyve Çayı (Poşet),Doğuş Çay Kuşburnu 20'li,50.35
Bitki ve Meyve Çayı (Poşet),Doğuş Çay Adaçayı 20'li,50.35
Bitki ve Meyve Çayı (Poşet),Lipton Çay Nane Limon 20'li,55.95
Bitki ve Meyve Çayı (Poşet),Doğadan Meyve Çayı Elma 40 gr,70.5
Bitki ve Meyve Çayı (Poşet),Lipton Çay Adaçayı 20'li,55.95
Bitki ve Meyve Çayı (Poşet),Doğuş Çay Nane Limon 20'li,50.35
Bitki ve Meyve Çayı (Poşet),Doğadan Adaçayı 26 gr,70.5
Bitki ve Meyve Çayı (Poşet),Lipton Çay Papatya 20'li,55.95
Bitki ve Meyve Çayı (Poşet),Doğuş Çay Ekinezya 20'li,50.35
Bitki ve Meyve Çayı (Poşet),Doğuş Çay Papatya 20'li,50.35
Bitki ve Meyve Çayı (Poşet),Doğadan Meyve Çayı Böğürtlen 40 gr,70.5
Bitki ve Meyve Çayı (Poşet),Doğuş Çay Böğürtlen 20'li,50.35
Bulgur,Duru Bakliyat Midyat Bulgur 1 kg,48.1
Bulgur,Hasata Bulgur Pilavlık Köy Sofrası 1 kg,44.75
Bulgur,Hasata Bulgur Pilavlık Antep 2 kg,78.35
Bulgur,Duru Bakliyat Pilavlık İri Bulgur 1 kg,48.1
Bulgur,Duru Bakliyat Başbaşı Bulgur 2.5 kg,110.8
Bulgur,Duru Bakliyat Pilavlık Bulgur 1 kg,48.1
Bulgur,Hünkar Pilavlık Bulgur 1 kg,31.95
Bulgur,Duru Bakliyat Çiğ Köftelik Bulgur 1 kg,48.1
Bulgur,Duru Bakliyat Çiğ Köftelik Esmer Bulgur 1 kg,48.1
Bulgur,Duru Bakliyat Bulgur Tel Şehriyeli 1 kg,48.1
Bulgur,Hasata Bulgur Köftelik 1 kg,44.75
Bulgur,Hasata Bulgur Pilavlık 1 kg,44.75
Bulgur,Hünkar Esmer Köftelik Bulgur 1 kg,35.8
Bulgur,Hünkar Köftelik Bulgur 1 kg,31.95
Bulgur,Hünkar Pilavlık Bulgur 2.5 kg,89.3
Bulgur,Duru Bakliyat Köftelik Bulgur 1 kg,48.1
Buğday Unu,Tellioğlu Siyez Unu 1 kg,67.15
Buğday Unu,Söke Un Baklavalık ve Böreklik 1 kg,55.95
Buğday Unu,Söke Un Esmer Kepekli 1 kg,55.95
Buğday Unu,Söke Un Pizza Unu 1 Kg,61.55
Buğday Unu,Söke Tam Buğday Un 1 kg,55.95
Ceviz İçi,Tadım Ceviz 150 gr,154.55
Cipsler,Cheetos Süper Flamin Hot Acı Biber Peynir 102 gr,45.85
Cipsler,Cheetos Aile Peynir 41 gr,19.05
Cipsler,Cheetos Aile Fıstık 41 gr,19.05
Cipsler,Cheetos Aile Biftek 41 gr,19.05
Cipsler,Çerezza Süper Acılı 117 gr,38.65
Cipsler,Lays Ruffles Doritos 2'li Avantaj Paket,95.15
Cipsler,Ruffles Süper Mangal Tadında 107 gr,49.2
Cipsler,Çerezos Ultra Fıstıklı 110 gr,39.2
Cipsler,Çerezos Ultra Peynir Soğan 100 gr,39.2
Cipsler,Lays Doritos Ruffles Süper Paket 2'li 176 gr,61.55
Cipsler,Cheetos Set 3 Al 2 Öde 54 gr,28.0
Cipsler,Doritos Parti Acılı Hotcorn 169 gr,49.95
Cipsler,Cipso Süper Yoğurt Mevsim Yeşillik 104 gr,39.2
Cipsler,Cipso Parti Klasik 145 gr,50.4
Cipsler,Cipso Parti Yoğurt Mevsim Yeşillik 145 gr,50.4
Cipsler,Doritos Parti Dippas 140 gr,49.95
Cipsler,Lay's Parti Y.Mevsim Yeşillikleri 150 gr,52.95
Cipsler,Züber Noutos Nohut Cipsi Kajun Baharatlı 55 gr,44.95
Cipsler,Çerezza Parti Dev Yer Fıstıklı 145 gr,47.95
Cipsler,Master Potato Original 160 gr,83.45
Cipsler,Peyman Nutzz Popzz Fıstık Ezmeli 90 gr,30.25
Cipsler,Peyman Nutzz Popzz soğan Kremalı 90 gr,30.25
Cipsler,Lays Süper Fırından Yedi Baharat 92 gr,49.2
Cipsler,Doritos Süper Tatlı Kırmızı Biber 113 gr,39.75
Cipsler,Çerezza Parti Dev Domates Soslu 150 gr,47.95
Cipsler,Çerezza Aile Muhabbet Biftek 60 gr,22.4
Cipsler,Doritos Süper Flamın Hot Lime 102 gr,45.85
Cipsler,Çerezza Aile Muhabbet Tuzlu 60 gr,22.4
Cipsler,Doritos Mega Nacho Peynirli 218 gr,62.65
Cipsler,Ruffles Parti Peynir ve Soğan 150 gr,52.95
Cipsler,Ruffles Süper Boy Peynir-Soğan 107 gr,49.2
Cipsler,Lays Parti Fırından 134 gr,52.95
Cipsler,Ruffles Orijinal Süper Boy 107 gr,49.2
Cipsler,Doritos Parti Boy Taco 169 gr,49.95
Cipsler,Doritos Turca Haşhaş Çeşnili Süper Boy 113 gr,45.85
Cipsler,Çerezza Süt Mısırı Tv Süper Boy 117 gr,38.65
Cipsler,Çerezza Kokteyl Süper Boy 117 gr,38.65
Cipsler,Çerezza Süper Boy Sinema 117 gr,38.65
Cipsler,Doritos Nacho Parti Boy 169 gr,49.95
Cipsler,Lay's Parti Klasik 150 gr,52.95
Cipsler,Doritos Extreme Süper Boy 113 gr,45.85
Cipsler,Doritos Taco Mega Boy 218 gr,62.65
Cipsler,Patos Baharatlı Parti Boy 167 gr,50.4
Cipsler,Ruffles Original Mega Boy 193 gr,67.15
Cipsler,Doritos Hotcorn Acılı Süper Boy 113 gr,45.85
Cipsler,Peyman Popcorn Klasik 105 gr,33.05
Cipsler,Lay's Süper Boy Baharat 107 gr,49.2
Cipsler,Lay's Süper Fırından Yoğurt & Mevsim Y.96 gr,49.2
Cipsler,Patos Parti Acı Baharatlı 167 gr,50.4
Cipsler,Çerezza Popcorn Aile 80 gr,33.6
Cipsler,Patos Baharatlı Süper 109 gr,39.2
Cipsler,Patos Acı Baharatlı Süper 109 gr,39.2
Cipsler,Patos Critos Acılı Süper Boy 115 gr,39.2
Cipsler,Lay's Klasik Süper Boy 107 gr,49.2
Cipsler,Ruffles Parti Boy Ketçaplı 150 gr,52.95
Cipsler,Patos Critos Peynir Süper Boy 115 gr,39.2
Cipsler,Cipso Parti Boy Ketçaplı 145 gr,50.4
Cipsler,Peyman Yer Fıstıklı-Bademli Popcorn 85 gr,33.05
Cipsler,Ruffles Parti Boy Orginal 150 gr,52.95
Cipsler,Doritos Süper Boy Taco Baharatlı 121 gr,45.85
Cipsler,Patos Rolls Acılı Parti Boy 167 gr,50.4
Cipsler,Doritos Süper Boy Nacho Peynir 113 gr,45.85
Cipsler,Çerezza Parti Sinema Peynir Soğan 170 gr,47.95
Dana Eti,Dana Kıyma,319.18
Dana Eti,Dana Kontrfile Et ve Süt Kurumu,363.45
Dereotu,Dereotu,22.35
Dolmalık Biber,Biber Dolma,39.17
Dolmalık Biber,Garliko Dolmabiber 25'li Dizi,156.75
Domates,Domates Pembe,34.98
Domates,Domates Şekerci 250 gr,89.55
Domates,Domates Kokteyl,50.38
Domates,Domates Dallı,29.98
Domates,Domates Antalya,33.58
Dondurma,Algida Boom Boom Yer Fıstığı Karamelli Çikolatalı Dondurma 570 ml,139.9
Dondurma,Algida Magnum Mini Limon Ahududu Badem 353 ml,190.3
Dondurma,Algida Magnum Double Starchaser 85 ml,44.8
Dondurma,Carte'dor Classic Barista 850 ml,156.7
Dondurma,Cartedor Classic Karamel-Muz 850 ml,223.9
Dondurma,Algida Keyif Antep Fıstıklı 750 ml,89.5
Dondurma,Algida Magnum Yaban Mersini 85 ml,50.4
Dondurma,Algida Boom Boom 80 ml,39.2
Dondurma,Algida Cornetto Disc Vanilya Karamel 130 ml,61.6
Dondurma,Algida Cornetto Antep Fıstık  Disc 140 ml,61.6
Dondurma,Algida Maraş Kaymaklım 500 ml,184.7
Dondurma,Algida Magnum Limon Ahududu 85 ml,50.4
Dondurma,Algida Frigola Bar Çikolatalı 60 ml,39.2
Dondurma,Algida Milka Stick 82 ml,44.8
Dondurma,Algida Magnum Bademli 100 ml,72.8
Dondurma,Carte d'Or Selection Aşkın Büyüsü 800 ml,246.3
Dondurma,Carte D'Or Classic Kakao Vanilya 650 ml,112.0
Dondurma,Algida Magnum Double Çikolata 95 ml,72.8
Dondurma,Algida Magnum Mini Classic Badem Beyaz 345 ml,279.9
Dondurma,İçim İçimino Çilek 6X40 gr,44.75
Dondurma,Carte Dor Classic Kaymak Vişne Bitter 850 ml,223.9
Dondurma,İçim İçimino Bebe Bisküvili 6X40 gr,44.75
Dondurma,Algida Magnum Karadut Böğürtlen 95 ml,72.8
Dondurma,Algida Cornetto Disc Choco Coffe 130 ml,44.8
Dondurma,Algida Keyif Choc-van 110 ml,22.4
Dondurma,Algida Boom Boom Gold 80 ml,39.2
Dondurma,Algida Max Vanilya 65 ml,22.4
Dondurma,Algida Cornetto Çikolata 120 ml,44.8
Dondurma,Algida Max Kakao 65 ml,22.4
Dondurma,İçim İçimino Muzlu 6X40 gr,44.75
Dondurma,Algida Nogger Kakao Karamel 145 ml,56.0
Dondurma,Algida Antep-Vanilya-Kakao 1400 ml,123.1
Dondurma,Eti Alaska Frigo Sütlü Çikolata Kaplı 60 gr,25.95
Dondurma,Algida Cornetto Disc Milka 140 ml,61.6
Dondurma,Algida Cornetto Disc Oreo 140 ml,61.6
Dondurma,Eti Alaska Frigo Mozaik 50 gr,29.05
Dondurma,Algida Viennetta Vanilya-Çikolata 800 ml,167.9
Dondurma,Carte Dor Selection Çikolata Karnavalı 800 ml,246.3
Dondurma,Carte Dor Selection Meyve Şöleni 850 ml,246.3
Dondurma,Algida Magnum Mini Badem 345 ml,279.9
Dondurma,Algida Classic Magnum Mini 345 ml,279.9
Dondurma,Algida Frigola 60 ml,33.6
Dondurma,Algida Magnum Mini Karadut Böğürtlen 360 ml,279.9
Dondurma,Algida Magnum Classic 100 ml,72.8
Dondurma,Algida Cornetto Kaymaklı 125 ml,44.8
Dondurma,Algida Çilek Vanilya Kombo 60 gr,11.2
Dondurma,Algida Maras Kesme Sade 650 ml,167.9
Dondurma,Eti Alaska Frigo Karamelli 47 gr,29.05
Dondurma,Koska Dondurma Külahı Kornet 104 gr,61.55
Dondurma,Algida Çilek-Vanilya-Kakao 1400 ml,123.1
Dondurma,Carte Dor Classic Bitter Kaymak Fıstık 850 ml,223.9
Dondurma,İçim İçimino Kayısı Elmalı 6X40 gr,44.75
Dondurma,Eti Alaska Frigo Bitter Çikolata Kaplı 60 gr,29.05
Dondurma,İçim İçimino Orman Meyveli 6X40 gr,44.75
Dondurma,Koska Dondurma Külahı 36 gr,27.95
Ekmek,Uno Tandır Lavaş 282 gr,89.55
Ekmek,Uno Gurme Sandvic Susamlı 400 gr,85.05
Ekmek,Uno Geleneksel Lavaş 390 gr,89.55
Ekmek,Uno Tam Buğdaylı Lavaş 325 gr,89.55
Ekmek,Uno Geleneksel Lavaş 250 gr,83.95
Ekmek,Seçkin Bazlama 150 gr,22.35
Ekmek,Asi Künefe 2'li 270 gr,111.95
Ekmek,Donuk Milka Çikolatalı ve Fındıklı Almondy Kek 400 gr,369.95
Ekmek,Asi Künefe Burma Kadayıf 125 gr,89.55
Ekmek,Donuk Milka Lava Cake 180 gr,229.95
Ekmek,Donuk Oreo Cheesecake 160 gr,249.95
Ekmek,Donuk Tablerone Çikolatalı Almondy Kek 400 gr,369.95
Ekmek,Aly Pizza Tabanı Ultra İnce 27 cm 440 gr,111.95
Ekmek,Aly Tortılla 15 cm 300 gr,72.75
Ekmek,Asi Künefe 135 gr,48.1
Ekmek,Aly Tortılla Griled 25 cm 520 gr,111.95
Ekmek,Donuk Tablerone Lava Cake 180 gr,229.95
Ekmek,Toto Kruvasan 40 gr,11.15
Ekmek,Uno Kruvasan Çikolatalı 240 gr,89.95
Ekmek,7Days Kruvasan Kakaolu 300 gr,128.25
Ekmek,Uno Tazepan Tam Buğday 350 gr,44.75
Ekmek,Uno Tazepan Sandviç 390 gr,44.75
Ekmek,Seçkin Gözleme 160 gr,33.55
Ekmek,Uno Premium Çok Tahıllı Siyez Buğdaylı 400 gr,67.15
Ekmek,Uno Tazepan Hamburger 312 gr,44.75
Ekmek,Uno Denge Tam Buğday Çiya Tohumu 400 gr,67.15
Ekmek,Uno Kruvasan Çikolatalı 30 gr,11.15
Ekmek,Uno Fırından Çavdarlı Ekmek 450 gr,61.55
Ekmek,Uno Denge Tam Buğday-Çiya Tohumu Grissuno 150 gr,72.75
Ekmek,Uno Fırından Buğday Ekmek 450 gr,61.55
Ekmek,Seçkin Kanepe 200 gr,33.55
Ekmek,Seçkin Galeta 200 gr,44.75
Ekmek,7Days Kruvasan Fındıklı 60 gr,28.0
Ekmek,Seçkin Galeta Anasonlu 200 gr,47.0
Ekmek,Seçkin Galeta Sade 400 gr,78.35
Ekmek,Seçkin Sivas Katmer 200 gr,50.35
Ekmek,Seçkin Ekmek Hamburger 200 gr,33.55
Ekmek,Uno Tazepan Tost 500 gr,39.15
Ekmek,Uno Otantik Tava Ekmeği 470 gr,57.95
Ekmek,Uno 2 Kat Tahıllı Tava 470 gr,57.95
Ekmek,Uno Tam Buğday Tava Ekmeği 450 gr,54.95
Ekmek,Seçkin Ekmek Sandviç 200 gr,33.55
Ekmek,Uno Gurme Sandviç 300 gr,77.2
Ekmek,Uno Büyük Tost Ekmek 550 gr,64.95
Ekmek Hamuru (Yufka),Güzel Yufka 3'lü,95.15
Ekmek Hamuru (Yufka),Güzel Yufka 5'li,129.85
Ekmek Hamuru (Yufka),Aly Baklava Böreklik Yufka 800 gr,134.35
Elma,Elma Amasya,44.77
Elma,Elma Golden,27.97
Elma,Elma Starking Lüx,27.97
Elma,Elma Gransimit,39.17
Elma,Elma PinkLady,39.17
Elma,Elma Arap Kızı,44.77
Fındık Ezmesi,T.Tarım Fındık Ezmesi 300 gr,134.35
Fındık Ezmesi,Torku Banada Fındık Ezmesi 370 gr,173.55
Fındık Ezmesi,Fiskobirlik Fındık Ezmesi 300 gr,195.95
Fındık Ezmesi,Fiskobirlik Fındık Ezmesi 300 gr,223.95
Fındık Ezmesi,Fiskobirlik Fındık Ezmesi 180 gr,111.95
Fındık İçi,Emsal Kuruyemiş Fındık İçi Kavrulmuş 150 gr,105.85
Fındık İçi,T.Tarım Fındık Kavrulmuş 250 gr,167.95
Fındık İçi,T. Tarım Çifte Kavrulmuş Fındık 200 gr,155.7
Fındık İçi,Tadım Fındık İçi 180 gr,156.8
Fındık İçi,Fiskobirlik Kavrulmuş Fındık İçi 250 gr,167.95
Fındık İçi,Emsal Kuruyemiş Karşılık Kavrulmuş 180 gr,147.8
Gazoz Meyveli,Schweppes Limon Aromalı Gazlı İçecek Cam 250 ml,51.45
Gazoz Meyveli,Uludağ Gazoz Portakal 1 L,39.15
Gazoz Meyveli,Çamlıca Gazoz Frambuaz 1 L,30.25
Gazoz Meyveli,Maltana Zero 250 ml,32.5
Gazoz Meyveli,Çamlıca Gazoz Frambuaz Aromalı 6x200 ml,77.85
Gazoz Meyveli,"Uludağ Sarı Portakal Az Şekerli 2,5 Lt",55.95
Gazoz Meyveli,"Uludağ Gazoz Pet Daha Az Kalori 1,5 Lt",49.85
Gazoz Meyveli,"Uludağ Gazoz Portakallı Az Şekerli Pet 1,5 Lt",49.85
Gazoz Meyveli,Çamlıca Gazoz Portakal 1 L,35.85
Gazoz Meyveli,Uludağ Gazoz 6X250 ml,145.55
Gazoz Meyveli,Uludağ Gazoz Portakallı Az Şekerli 330 ml,27.45
Gazoz Meyveli,Çamlıca Gazoz Light 200 ml,15.1
Gazoz Meyveli,Niğde Gazoz 250 ml,16.8
Gazoz Meyveli,Fanta Portakal 2.5 L,67.15
Gazoz Meyveli,Maltana Armut 250 ml,32.5
Gazoz Meyveli,Uludağ Gazoz 2.5 L,61.55
Gazoz Meyveli,Schweppes Mandalina Aromalı Gazlı İçecek Pet 1 L,50.4
Gazoz Meyveli,Sprite 250 ml,43.6
Gazoz Meyveli,Sprite 1.5 L,50.4
Gazoz Meyveli,Fanta 4x1 L,151.2
Gazoz Meyveli,Sprite 4X1 L,151.2
Gazoz Meyveli,Sunny Portakal 2.5 L,49.85
Gazoz Meyveli,Çamlıca Gazoz 330 ml,30.2
Gazoz Meyveli,Çamlıca Gazoz Portakal 2.5 L,48.05
Gazoz Meyveli,Uludağ Gazoz 1 L,39.15
Gazoz Meyveli,Çamlıca Gazoz Portakal 1.5 L,42.0
Gazoz Meyveli,Fanta 500 ml,45.9
Gazoz Meyveli,Fanta 1.5 L,50.4
Gazoz Meyveli,Fanta 6'lı 250 ml,184.75
Gazoz Meyveli,Schweppes Mandalina Cam 250 ml,51.45
Gazoz Meyveli,Maltana Ananas 250 ml,32.5
Gazoz Meyveli,Sprite 2.5 L,67.15
Gazoz Meyveli,Maltana Şeftali 270 ml,32.5
Gazoz Meyveli,Maltana Ginseng 270 ml,32.5
Gazoz Meyveli,Çamlıca Gazoz Portakal 330 ml,30.2
Gazoz Meyveli,Uludağ Gazoz Şekersiz 1 L,39.15
Gazoz Meyveli,Fanta Portakal 1 L,39.2
Gazoz Meyveli,Fanta 250 ml,43.6
Gazoz Meyveli,Sprite 1 L,39.2
Gofret,Çizmeci Waffer Slım Gofrette Çilekli 128 gr,34.7
Gofret,Ülker Çokonat Baklava 30 gr,28.0
Gofret,Çizmeci Wafer Slım Gofrette Limonlu 128 gr,34.7
Gofret,Ülker Kat Kat Tat Baklava 28 gr,17.9
Gofret,Şölen Biscolata Stix Karamelli 36 gr,30.25
Gofret,Şölen Ozmo Chocolate 30 gr,33.6
Gofret,Şölen Boombastic Yer Fıstıklı Bar 40 gr,19.6
Gofret,Nestle Damak Ala 30 gr,35.3
Gofret,Fiorella Gofret Beyaz Çikolatalı 60 gr,36.9
Gofret,Şölen Biscolata Nirvana Fındık Bitter 26 gr,12.3
Gofret,Şölen Nutymax Extra Fındıklı 40 gr,28.0
Gofret,Nestle Classic Yoğun Bitter 1927  28 gr,18.5
Gofret,Dippo Kornet Kakao Kremalı 25 gr,9.5
Gofret,Şölen Biscolata Nirvana Cevizli 26 gr,12.3
Gofret,Şölen Mood Caramel Macchiato 40 gr,21.85
Gofret,Şölen Boombastic Fındıklı 40 gr,12.0
Gofret,"Şölen Biscolata Minis Fındık 32,5 gr",17.9
Gofret,Fiorella Gofret Fındık Çikolatalı 60 gr,36.9
Gofret,"Şölen Biscolata Minis Bitter 32,5 gr",17.9
Gofret,Nestle Kitkat Duo 30 gr,25.75
Gofret,Ülker Rulokat Rulo Gofret 204 gr,68.3
Gofret,Conitta Sütlü Çikolatalı Karamel 80 gr,89.55
Gofret,Çizmeci Wafer Çikolatalı 280 gr,95.2
Gofret,Aktürk Vanilyalı Gofret 475 gr,55.95
Gofret,Seyidoğlu Gofret Kakaolu 200 gr,22.35
Gofret,Torku Gofret 1 Daha 32 gr,16.8
Gofret,Gofret Atölyesi 450 gr,44.75
Gofret,Çizmeci Wafer Slım Gofrette Fındıklı 128 gr,34.7
Gofret,Conitta Sütlü Çikolata ve Çilekli 80 gr,89.55
Gofret,Conitta Beyaz Çikolatalı Sütlü Kremalı 80 gr,89.55
Gofret,Conitta Bitter Çikolatalı Kremalı 80 gr,89.55
Gofret,Conitta Sütlü Çikolata Kremalı 80 gr,89.55
Gofret,Çizmeci Wafer Fındıklı 75 gr,30.8
Gofret,Conitta Sütlü Çikolatalı ve Fındık Kremalı 80 gr,89.55
Gofret,Ülker Çokonat Antep Fıstık 30 gr,28.0
Gofret,Şölen Luppo Lup Lup Limon Haşhaş 40 gr,8.95
Gofret,Şölen Luppo Lup Lup Browni 40 gr,8.95
Gofret,Şölen Luppo Lup Lup Havuç Tarçın 40 gr,8.95
Gofret,Çizmeci Wafer Yer Fıstıklı 65 gr,28.0
Gofret,Çizmeci Wafer Cubes Fındıklı 200 gr,78.4
Gofret,Çizmeci Wafer Rolls Fındıklı 280 gr,95.2
Gofret,Çizmeci Wafer Master Minis 120 gr,84.0
Gofret,Çizmeci Wafer Crepe Fındıklı 75 gr,30.8
Gofret,Şölen Mood Vişneli 125 gr,55.95
Gofret,Şölen Biscolata Nirvana Fındıklı 26 gr,12.3
Gofret,Şölen Mood Sütlü 125 gr,49.95
Gofret,Kahve Dünyası Gofrik Antep Fıstıklı Poşet 125 gr,119.95
Gofret,Eti Bidolu Fındık Kremalı Yer Fıstıklı 81 gr,26.9
Gofret,Şölen Biscolata Veni Fındıklı 110 gr,30.0
Gofret,Cizmeci Wafer Fındıklı 400 gr,173.6
Gofret,Nestle Nesquik Gofret  26.7 gr,14.55
Gofret,Eti Hoşbeş Hindistan Cevizli Gofret 142 gr,37.5
Gofret,Nestle Crunch Patt 27 gr,17.9
Gofret,Nestle Kitkat Chunky 38 gr,25.75
Gofret,Çizmeci Fındıklı Wafer 120 gr,72.8
Gofret,Çizmeci Wafer Fındıklı 250 gr,123.2
Gofret,Nestle Fındık Kremalı Sütlü Çikolata 28 gr,18.5
Gofret,Ülker Fındıklı Gofret 220 gr,44.75
Gofret,Torku Çikolatalı Gofret No:1 35 gr,11.2
Gofret,Tadelle Küp Gofret Bitter Kremalı 200 gr,55.9
Gofret,Eti Hoşbeş Fındıklı Gofret 142 gr,37.5
Gofret,Ülker Alpella Üçgen Gofret 28 gr,13.45
Gofret,Nestle Çıtır Gofret 27 gr,14.0
Gofret,Torku Gofret Fındık Kremalı 142 gr,34.5
Gofret,Torku Gofret Çilekli 160 gr,34.5
Gofret,Ülker Vanilyalı Gofret 220 gr,44.75
Gofret,Eti Hoşbeş Çilekli Gofret 142 gr,37.5
Gofret,Ülker Probis 75 gr,20.15
Gofret,Eti Karam Gurme Bitter Çikolatalı Gofret 50 gr,21.85
Gofret,Ülker Çokonat Çikolatalı Gofret 33 gr,22.4
Gofret,Eti Hoşbeş Kakaolu Gofret 142 gr,37.5
Gofret,Torku Karamel - Fındık Gofret 142 gr,34.5
Gofret,Torku Gofret Kakao-Vanilyalı 142 gr,34.5
Gofret,Milka Çikolatalı Gofret 28.5 gr,18.5
Gofret,Eti Bidolu Kakao Kremalı Yer Fıstıklı Gofret 81 gr,26.9
Gofret,Hanuta Gofret 2'li 44 gr,44.75
Gofret,Şölen Biscolata Veni Çikolatalı 110 gr,30.0
Gofret,Ülker Kat Kat Tat Fındıklı 25 gr,8.4
Gofret,Kahve Dünyası Gofrik Antep Fıstıklı 33 gr,29.95
Gofret,Ülker Çokonat 3'lü 99 gr,63.85
Gofret,Nestle Gofret Kaplamasız Fındıklı 21 gr,9.5
Gofret,Ülker Çikolatalı Gofret 4 Lü,50.95
Gofret,Tadelle Gofret Sütlü Çikolatalı 35 gr,15.6
Gofret,Torku Çikolatalı Gofret 30 gr,8.4
Gofret,Ülker Çikolatalı Gofret Beyaz 35 gr,13.45
Gofret,Toybox Cornet 25 gr,16.8
Gofret,Şölen Biscolata Stix Hindistan Cevizli 36 gr,30.25
Gofret,Şölen Ozmo Cream Tüp 35 gr,17.9
Gofret,Sarelle Gofret Duo 33 gr,16.75
Gofret,Tadelle Gofret Maxinut 30 gr,21.2
Gofret,Ülker Bitter Çikolatalı Gofret 36 gr,13.45
Gofret,Sarelle Gofret 33 gr,16.75
Gofret,Çizmeci Wafer Crepe 240 gr,123.2
Gofret,Sarelle Gofret Bitter Çikolatalı 33 gr,16.75
Gofret,Ülker Çikolatalı Gofret 36 gr,13.45
Gofret,Eti Gofret Ahenk Gurme Sütlü 50 gr,24.1
Gofret,Ülker Kat Tat Rulokat Fındıklı 42 gr,16.8
Gofret,Şölen Ozmo Cornet 25 gr,13.45
Gofret,Şölen Nutymax Antep Fıstıklı 44 gr,25.0
Gofret,Şölen Boombastic Marsmellow Çikolatalı Kek 40 gr,19.6
Gofret,Eti Gofret Çikolatalı 34 gr,12.9
Gofret,Şölen Ozmo Popsy 24 gr,22.4
Gofret,Şölen Biscolata Pia Frambuaz 100 gr,47.0
Gofret,Şölen Biscolata Pia Portakal 100 gr,47.0
Gofret,Şölen Biscolata Stix Sütlü 40 gr,27.0
Gofret,Şölen Mood Çikolatalı 40 gr,21.85
Gofret,Şölen Ozmo Fun 23 gr,20.15
Havuç,Havuç,12.47
Hazır Kahve,Truva Türk Kahvesi Orta Kavrulmuş 100 gr,44.75
Hazır Kahve,Nescafe 3ü Bir Arada 15'li,89.55
Hazır Kahve,Sütaş Latte 1 L,83.95
Hazır Kahve,Eduscho 2'si 1 Arada 10'lu,50.35
Hazır Kahve,Nescafe 3'ü 1 Arada Ice Choco 10.6 gr,9.5
Hazır Kahve,Nescafe 3'ü 1 Arada Black Roast 15 gr,9.5
Hazır Kahve,Jacobs Gold Velvet Foam Eko 70 gr,67.1
Hazır Kahve,Nescafe Classic 2 gr,9.5
Hazır Kahve,Tchibo Gold 50 gr,166.9
Hazır Kahve,Nescafe Gold Eko 200 gr,319.95
Hazır Kahve,Nescafe Classic Eko 100 gr,140.0
Hazır Kahve,Nescafe Classic Eko 50 gr,83.95
Hazır Kahve,Nescafe 3 ü 1 Arada 17.5 gr,9.5
Hazır Kahve,"Nescafe 3 ü1  Sütlü Köpüklü 17,4 gr",9.5
Hazır Kahve,Nescafe 3 ü 1 Arada Fındıklı 17 gr,9.5
Hazır Kahve,Nescafe 2 si 1 Arada 11 gr,9.5
Hazır Kahve,Nescafe Gold 50 gr,216.7
Hazır Kahve,Nescafe Gold 2 gr,10.1
Hazır Kahve,Nescafe Gold Eko 100 gr,223.95
Hazır Kahve,Nescafe 2 si 1 Arada Sütlü Köpüklü 10 gr,9.5
Hazır Kahve,Nescafe Gold Eko Paket 50 gr,134.35
Hazır Kahve,Nescafe Extra 3 ü 1 Arada 17 gr,9.5
Hazır Kahve,Tchibo Gold Eko 150 gr,257.55
Hazır Kahve,Kahve Dünyası 2 si 1 Arada Klasik 8'li,44.75
Hazır Kahve,Nescafe 3'ü 1 Arada Karamel 17.7 gr,9.5
Hazır Kahve,Nescafe Gold Ekonomik %20 Bedava 180 gr,307.95
Hazır Kahve,Jacobs 3in1 10'lu,55.95
Hazır Kahve,Jacobs 2in1 10'lu,55.95
Hazır Kahve,Jacobs Monarch Gold Eko 200 gr,279.95
Hazır Kahve,Jacobs Monarch Gold Eko 100 gr,190.35
Hazır Kahve,Jacobs 3in1 Gold Yumuşak 10'lu,78.35
Hazır Kahve,Nescafe 3'ü 1 Arada 10'lu,67.15
Hazır Pakette Toz Tatlılar (Puding),Dr. Oetker Puding 2 Kakaolu + 1 Vanilyalı,54.95
Hazır Pakette Toz Tatlılar (Puding),Pakmaya Puding Karamelli 84 gr,31.9
Hazır Pakette Toz Tatlılar (Puding),Kenton Vanilyalı Puding 100 gr,23.5
Hazır Pakette Toz Tatlılar (Puding),Dr. Oetker Puding Kakao 2'li ve Yogotella 363 gr,44.95
Hazır Pakette Toz Tatlılar (Puding),Dr.Oetker Antep Fıstıklı Çikolatalı Puding 100 gr,34.15
Hazır Pakette Toz Tatlılar (Puding),Kenton Çilekli Puding 100 gr,23.5
Hazır Pakette Toz Tatlılar (Puding),Kenton Bitter Çikolatalı Puding 100 gr,23.5
Hazır Pakette Toz Tatlılar (Puding),Dr.Oetker Çikolata Bademli Puding 104 gr,34.15
Hazır Pakette Toz Tatlılar (Puding),Dr.Oetker Çilekli Puding 125 gr,30.8
Hazır Pakette Toz Tatlılar (Puding),Dr.Oetker Kakaolu Puding 147 gr,34.15
Hazır Pakette Toz Tatlılar (Puding),Dr.Oetker Çikolata Fındıklı Puding 102 gr,34.15
Hazır Pakette Toz Tatlılar (Puding),Dr.Oetker Muzlu Puding 125 gr,30.8
Hazır Pakette Toz Tatlılar (Puding),Pakmaya Puding Çikolata Portakallı 116 gr,31.9
Hazır Pakette Toz Tatlılar (Puding),Pakmaya Kakaolu Puding 145 gr,31.9
Hazır Pakette Toz Tatlılar (Puding),Dr.Oetker Puding Bitter Çikolatalı 111 gr,34.15
Hazır Pakette Toz Tatlılar (Puding),Dr.Oetker Çikolata Parçalı Puding 115 gr,34.15
Hazır Pakette Toz Tatlılar (Puding),Dr.Oetker Vanilinli Puding 125 gr,30.8
Hazır Pakette Toz Tatlılar (Puding),Dr.Oetker Orman Meyveli 81 gr,30.8
Hazır Pakette Toz Tatlılar (Puding),Dr. Oetker Çilekli Bardakta Puding Yüksek Proteinli 23 gr,20.7
Hazır Pakette Toz Tatlılar (Puding),Pakmaya Puding Şeker İlavesiz 54 gr,31.9
Hazır Pakette Toz Tatlılar (Puding),Dr. Oetker Bitter Çikolatalı Bardakta Puding Yüksek Proteinli 28 gr,20.7
Hazır Pakette Toz Tatlılar (Puding),Nestle Nesquik Puding 100 gr,54.8
Hazır Pakette Toz Tatlılar (Puding),Dr.Oetker Muzlu Puding 30 gr,17.35
Hazır Sütlü Tatlılar,Eker Sütlaç 500 gr,72.75
Hazır Sütlü Tatlılar,Kinder Süt Dilimi 4X28 gr,53.5
Hazır Sütlü Tatlılar,Eker Supangle 150 gr,34.95
Hazır Sütlü Tatlılar,Ferrero Kinder Pingui 4'lü 30 gr,66.95
Hazır Sütlü Tatlılar,Kinder Pingui T1,19.0
Hazır Sütlü Tatlılar,Eti Ballı Sütlü Burger 35 gr,15.1
Hazır Sütlü Tatlılar,Eker Sütlaç 150 gr,34.95
Hazır Sütlü Tatlılar,Kinder Süt Dilimi T1,15.1
Hazır Sütlü Tatlılar,Eti Süt Burger Muzlu Sütlü 35 gr,15.1
Hazır Sütlü Tatlılar,Ferrero Kinder  Delice T1,24.6
Hazır Sütlü Tatlılar,Eker Keşkül 150 gr,34.95
Hazır Sütlü Tatlılar,Eker Profiterol 100 gr,34.95
Hazır Sütlü Tatlılar,Eti Süt Burger Kakaolu 35 gr,15.1
Hazır Sütlü Tatlılar,Eti Süt Burger Çilekli-Sütlü 35 gr,15.1
Hazır Sütlü Tatlılar,Arslan Ayran Kara Maya 1 L,95.15
Hazır Sütlü Tatlılar,Eker Çikolatalı Puding 500 gr,72.75
Hazır Sütlü Tatlılar,Kinder Süt Dilimi Şeftali 28 gr,19.6
Hazır Çorbalar,Knorr Klasik Mercimek Çorbası 76 gr,36.9
Hazır Çorbalar,Fide Paça + İlikli Kemik Suyu 480 ml,39.15
Hazır Çorbalar,Knorr Ezo Gelin Çorba 65 gr,36.9
Hazır Çorbalar,Bizim İşkembe Çorba 65 gr,33.55
Hazır Çorbalar,Knorr Kremalı Domates Çorbası 60 gr,36.9
Hazır Çorbalar,Bizim Çorba Kremalı Tavuk 62 gr,33.55
Hazır Çorbalar,Bizim Mantar Çorba 65 gr,33.55
Hazır Çorbalar,Knorr Çorba Şehriyeli Tavuk 51 gr,36.9
Hazır Çorbalar,Bizim Ezogelin Çorba 80 gr,33.55
Hazır Çorbalar,Knorr Klasik Kremalı Mantar Çorbası 63 gr,36.9
Hazır Çorbalar,Bizim Mercimek Çorba 72 gr,33.55
Hazır Çorbalar,Knorr Klasik Kremalı Tavuk Çorbası 65 gr,36.9
Hazır Çorbalar,Fide Tavuk Suyu 480 ml,39.15
Hazır Çorbalar,Fide Kellepaça Çorbası 480 ml,114.95
Ispanak,ıspanak,19.98
Kabak,Kabak Sakız,27.97
Kabak,Kabak Tatlı Soyulmuş,16.77
Kabak Çekirdeği,Peyman Bahçeden Kabak Çekirdek 120 gr,60.4
Kabak Çekirdeği,Tadım Kabak Çekirdeği 180 gr,87.35
Kabak Çekirdeği,Tadım Kabak Çekirdeği Tuzsuz 180 gr,87.35
Kabak Çekirdeği,Emsal Kuruyemiş Kabak Çekirdeği Tuzlu 200 gr,111.95
Kabartma Maddeleri,Dr.Oetker Şekerli Vanilin 10'lu,20.7
Kabartma Maddeleri,Dr.Oetker Hamur Kabartma Tozu 10'lu,30.25
Kabartma Maddeleri,Dr.Oetker Hamur Kabartma Tozu 5'li,15.7
Kabartma Maddeleri,Pakmaya Şekerli Vanilin 5'li,10.65
Kabartma Maddeleri,Kenton Kabartma Tozu 10'lu,19.6
Kabartma Maddeleri,Dr.Oetker Hamur Kabartma Tozu 15'li,39.5
Kabartma Maddeleri,Pakmaya Şekerli Vanilin 10'lu,20.1
Kabartma Maddeleri,Kenton Şekerli Vanilin 10'lu,14.0
Kabartma Maddeleri,Dr.Oetker Şekerli Vanilin 5'li,11.2
Kabartma Maddeleri,Dr.Oetker Vanilin 15'li,25.95
Kabartma Maddeleri,Dr.Oetker Karbonat 5'li,8.4
Kahve,Mehmet Efendi Brazilian Filtre Kahve 250 gr,207.15
Kahve,Kahve Dünyası Filtre Kahve 250 gr,167.95
Kahve,Tchibo Privat Kaffe Brazil Mild 250 gr,278.9
Kahve,Jacobs Barista Clasic Filtre Kahve 225 gr,249.95
Kahve,Tchibo Privat Kaffee Latin Grande 250 gr,278.9
Kahve,Tchibo Gold Filtre Kahve 250 gr,190.35
Kahve,Eduscho Filtre Kahve Strong 250 gr,99.95
Kahve,Mehmet Efendi Colombian Filtre Kahve 250 gr,223.95
Kahve,Mehmet Efendi Filtre Kahve Colombia 80 gr,72.75
Kahve,Jacobs Monarch Filtre Kahve 250 gr,167.95
Kahve,Eduscho Filtre Kahve Traditional 250 gr,99.95
Kahve,Kahve Dünyası Orta Kavrulmuş Türk Kahvesi 100 gr,55.45
Kahve,Mehmet Efendi Türk Kahvesi 100 gr,74.5
Kakao,Dr.Oetker Kakao Koyu Renkli 50 gr,49.2
Kakao,Dr.Oetker Kakao 50 gr,46.5
Kakao,Dr.Oetker Kakao 25 gr,24.6
Kakao,Dr.Oetker Kakao 100 gr,89.55
Kakao,Nestle Kakao 100 gr,77.3
Karnabahar,Karnabahar,99.88
Kaşar Peyniri,Gündoğdu Dilimli Tost 300 gr,167.95
Kaşar Peyniri,Gündoğdu Kaşar 500 gr,179.15
Kaşar Peyniri,Kebir Kaşar Tost 600 gr,223.95
Kaşar Peyniri,Vurallar Göbek Kaşar 500 gr,199.95
Kaşar Peyniri,Torku Tost Peynırı 600 gr,235.15
Kaşar Peyniri,Teksüt Dilimli Tost Peynırı 200 gr,89.55
Kaşar Peyniri,İçim Tost Peynırı Dilimli 500 gr,223.95
Kaşar Peyniri,İçim Kaşar 400 gr,184.75
Kaşar Peyniri,Teksüt Kaşar,207.18
Kaşar Peyniri,Y.Yılmaz Eski Kaşar,156.78
Kaşar Peyniri,Seçkin Taze Kaşar,83.99
Kaşar Peyniri,Sütaş Blok Kaşar,111.99
Kaşar Peyniri,Pınar Kaşar Aç Bitir 60 gr,48.1
Kaşar Peyniri,Sütaş Dilimli Kaşar 60 gr,33.55
Kaşar Peyniri,Pınar Tost Peynırı  600 gr,246.35
Kaşar Peyniri,Pınar Dilimli Tost 500 gr,291.15
Kaşar Peyniri,Pınar Cheddarlı Kaşar Aç Bitir 60 gr,53.2
Kaşar Peyniri,Torku Tost Peyniri 400 gr,212.75
Kaşar Peyniri,İçim Kaşar 200 gr,100.75
Kaşar Peyniri,Pınar Dilimli Tost 350 gr,223.95
Kaşar Peyniri,Sütaş Tost Peynırı 200 gr,100.75
Kaşar Peyniri,İçim Dilimli Tost Kaşar 200 gr,100.75
Kaşar Peyniri,Seçkin Kaşar 400 gr,156.75
Kaşar Peyniri,Teksüt Kaşar 400 gr,167.95
Kaşar Peyniri,Pınar Dilimli Burger 200 gr,156.75
Kaşar Peyniri,Pınar Dilimli Tost 200 gr,145.55
Kaşar Peyniri,Sütaş Kaşar 600 gr,235.15
Kaşar Peyniri,Sütaş Burger Peynir 225  gr,128.75
Kaşar Peyniri,Teksüt Kaşar 600 gr,199.95
Kaşar Peyniri,Ekici Kaşar 600 gr,223.95
Kaşar Peyniri,Gündoğdu Dilimli Tost 75 gr,53.7
Kaşar Peyniri,İçim Kaşar 600 gr,223.95
Kaşar Peyniri,Sütaş Kaşar Piknik 400 gr,190.35
Kaşar Peyniri,Sütaş Dilimli Tost Peynırı 350 gr,151.15
Kek,Ülker Dankek Magma Çikolatalı 65 gr,16.8
Kek,Ülker Dankek 8 Kek Orman Meyveli 55 gr,10.1
Kek,Ülker Dankek Çikolata Soslu 220 gr,50.4
Kek,Ülker Dankek Mousse Çikolatalı 45 gr,16.5
Kek,Ülker Dankek Magma Karamelli 65 gr,16.8
Kek,Ülker 8 Kek Mini Muzlu 162 gr,44.8
Kek,Ülker Kanky Sütlü Kakaolu Duo Kek 40 gr,12.3
Kek,Eti Tartini Frambuazlı 114 gr,28.55
Kek,Ülker Magma Hindistan Cevizi Vişne 65 gr,16.8
Kek,Ülker Dankek Tart Mini Çilekli 150 gr,44.8
Kek,Ülker Dankek Donut Kek 45 gr,11.2
Kek,Ülker Dankek Donut Marshmallow 162 gr,69.45
Kek,Eti Browni Gold Vişneli 45 gr,11.2
Kek,Eti Browni Kakaolu Gold Mini 180 gr,44.75
Kek,Ülker Albeni Kek 40 gr,18.5
Kek,Eti Top Kek Çilekli 40 gr,8.95
Kek,Ülker Dankek Lokmalık Kakaolu 160 gr,42.55
Kek,Ülker Dankek Lokmalık Üzümlü 160 gr,42.55
Kek,Eti Browni İntense Mini Çikolatalı Kek 160 gr,84.0
Kek,Ülker Dankek 8 Kek Çilek 55 gr,10.1
Kek,Eti Top Kek Meyveli 40 gr,8.95
Kek,Ülker Dankek 8 Kek Muzlu 55 gr,10.1
Kek,Ülker Dankek Lokmalık Havuçlu Tarçınlı 160 gr,42.55
Kek,Eti Popkek Muzlu 60 gr,11.2
Kek,Eti Popkek Çikolatalı 60 gr,11.2
Kek,Eti Browni İntense 50 gr,20.15
Kek,Eti Sosbom Kek Çikolata Dolgulu 50 gr,25.75
Kek,Eti Popkek Limonlu 60 gr,11.2
Kek,Eti Popkek Mini Kakaolu 180 gr,42.5
Kek,Ülker Dankek Poti Havuçlu Tarçınlı 35 gr,8.4
Kek,Ülker Kekstra Jöleli Portakal 40 gr,10.1
Kek,Ülker Dankek Pöti Muffin Kakaolu Kek 35 gr,8.4
Kek,Eti Popkek Hindistan Cevizli 60 gr,11.2
Kek,"Eti Pastamia Ballı Cevizli Dilim Pasta 27,50 gr",21.3
Kek,Ülker Biskrem Kakaolu Rulo 150 gr,29.95
Kek,Torku Enjoy Muzlu Kek 55 gr,10.65
Kek,Torku Enjoy Ahududu Kek 55 gr,10.65
Kek,Torku Enjoy Çikolatalı Kek 55 gr,10.65
Kek,Eti Browni Gold Kakaolu 45 gr,11.2
Kek,Ülker Dankek Poti Hindistan Cevizli 35 gr,8.4
Kek,Torku Gala Kek Karamelli 50 gr,15.4
Kek,Ülker Dankek 8 Kek Double 55 gr,10.1
Kek,Eti Top Kek Fındıklı Kakaolu 35 gr,8.95
Kek,Ülker Dankek Pöti Muffin Kek Meyveli 35 gr,8.4
Kek,Ülker Dankek Lokmalık Hindistan Cevizli 160 gr,42.55
Kek,Eti Browni Mausse 48 gr,28.0
Kesme Şeker,Balküpü Gold Küp Şeker 1 kg,54.8
Kesme Şeker,Tatküpü Küp Şeker 750 gr,38.0
Kesme Şeker,Tatküpü Küp Şeker 405 Adet 1 kg,52.6
Kesme Şeker,Balküpü Küp Şeker Elite 750 gr,59.3
Ketçap,Pınar Ketçap Çeşni Acılı 420 gr,72.75
Ketçap,Tamek Ketcap Acılı 355 gr,48.1
Ketçap,Heinz Ketçap Organic 580 gr,167.9
Ketçap,Heinz Ketçap 375 gr + Mayonez 330 gr,184.75
Ketçap,Calve Ketçap Acı 600 gr,89.55
Ketçap,Calve Regular Ketçap 600 gr,89.55
Ketçap,Pınar Ketçap 420 gr + Mayonez 350 gr,151.15
Ketçap,Tat Ketçap Coex Acılı 390 gr,52.6
Ketçap,Pınar Ketçap Çeşni Acı 600 gr,83.95
Ketçap,Tat Sıkı Dostlar Ketçap 650+Mayonez 560 gr,124.95
Ketçap,Heinz Ketçap 375 gr,77.2
Ketçap,Tat Ketçap Coex Tatlı Büfe 650 gr,72.75
Ketçap,Calve Ketçap 610 gr + Mayonez 540 gr,156.75
Ketçap,Tamek Ketçap 600 gr+ Mayonez 540 gr,117.55
Ketçap,Tat Sıkı Dostlar 735 gr,111.95
Ketçap,Heinz Ketçap 570 gr,95.15
Kivi,Kivi,55.98
Kola,Coca Cola 250 ml,53.2
Kola,Coca Cola Zero Sugar Pet 1 L,39.2
Kola,Coca Cola Orijinal Tat Kutu 250 ml,43.6
Kola,Coca Cola Zero Sugar Kutu 250 ml,43.6
Kola,Cola Turka 1 L,33.55
Kola,"Coca Cola Pet 2,5 L",67.15
Kola,Coca Cola Şekersiz 450 ml,45.9
Kola,Coca Cola Orijinal Tat Pet 450 ml,45.9
Kola,Coca Cola Orijinal Tat 6x250 ml,184.75
Kola,Coca Cola  6X200 ml,134.35
Kola,Coca Cola Orijinal Pet 1 L,39.2
Kola,"Coca Cola Zero Sugar Pet 2,5 L",67.15
Kola,Coca Cola Orijinal Tat Pet 1.5 L,50.4
Kola,Coca Cola Orijinal Tat Pet 4x1 L,151.2
Kola,Cola Turka 200 ml,20.7
Kola,"Coca Cola Zero Sugar Pet 1,5 L",50.4
Kola,Coca Cola Zero Sugar Pet 4x1 L,151.2
Konserve Balık,Dardanel Ton Zeytinyağlı 2x140 gr,279.95
Konserve Balık,Dardanel Ton Ekonomik 140 grX2,207.15
Konserve Balık,Dardanel Ton Füme 140 grX2,279.95
Konserve Balık,Dardanel Hazır Yemek Meksika Fasulyeli 160 gr,123.15
Konserve Balık,Dardanel Hazır Yemek Kinoalı 160 gr,123.15
Konserve Balık,Dardanel Hazır Yemek 4 Tahıllı 160 gr,123.15
Konserve Balık,Superfresh Ton Mix Tahıllı 2X150 gr,145.55
Konserve Balık,Dardanel Ton Zeytinyağlı Poşet 80 gr,120.9
Konserve Balık,Dardanel Ton Ekonomik 3+1 Ekonomik 75 gr,201.55
Konserve Balık,Superfresh Ton Mix Mısırlı 2X150 gr,145.55
Konserve Balık,Fide Ton Balığı Ekonomik 4x80 gr,119.95
Konserve Balık,Dardanel Ton Ekonomik 3X75 gr,187.0
Konserve Balık,Fide Ton Balığı 2X160 gr Klasik,201.55
Konserve Balık,Fide Ton Balığı Klasik 3X80 gr,190.35
Konserve Balık,Fide Ton Balığı 2X160 gr Acılı,201.55
Konserve Balık,Fide Ton Balığı Light 2X160 gr,201.55
Konserve Balık,Fide Ton Balığı Ekonomik 2X160 gr,145.55
Konserve Balık,Fide Ton Balığı Zeytinyağlı 3X80 gr,201.55
Konserve Balık,Fide Ton Balığı Acılı 3X80 gr,190.35
Konserve Balık,Fide Ton Balığı Light 3X80 gr,190.35
Konserve Balık,Fide Ton Balığı Ekonomik 3X80 gr,134.35
Konserve Balık,Fide Ton Balığı Zeytinyağlı 2X160 gr,223.95
Konserve Balık,Superfresh Ton Zeytinyağlı 3X75 gr,151.15
Konserve Balık,Superfresh Ton Ayçiçek 3X75 gr,145.55
Konserve Balık,Dardanel Ton Zeytinyağlı 3 X 75 gr,257.55
Konserve Balık,Dardanel Ton Light 3x75 gr,257.55
Konserve Balık,Dardanel Ton 3+1 X 75 gr,240.75
Konserve Balık,Superfresh Ton Mix Fasülyeli 2x150 gr,145.55
Konserve Balık,Dardanel Ton Light 2x140 gr,257.55
Konserve Balık,Pınar Ton 2x75gr,123.15
Konserve Balık,Dardanel Ton Light Poşet 80 gr,95.15
Konserve Balık,Dardanel Hazır Yemek Kuskuslu 160 gr,123.15
Konserve Balık,Dardanel Hazır Yemek Mısırlı 160 gr,123.15
Konserve Balık,Dardanel Hazır Yemek Fasulye 160 gr,123.15
Konserve Balık,Dardanel Ton Klasik 2x140 gr,257.55
Konserveler,Tat Tombul  Bamya  800 gr,111.95
Konserveler,Tat Sultani Bamya 670 gr,100.75
Konserveler,Tamek Haslanmış Fasulye 800 gr,67.15
Konserveler,Tamek Haşlanmış Nohut 800 gr,67.15
Konserveler,Tat Haşlanmış Fasulye 800 gr,67.15
Konserveler,Yayla Haşlanmış Nohut 700 gr,43.95
Konserveler,Tamek Haşlanmış Barbunya 800 gr,67.15
Konserveler,Yayla Haşlanmış Börülce 400 gr,44.75
Konserveler,Yayla Haşlanmış Bezelye 700 gr,41.4
Konserveler,Tat Bamya Sultani 800 gr,111.95
Konserveler,Tamek Bezelye 830 gr,44.75
Konserveler,Tamek Bezelye 670 gr,44.75
Konserveler,Tat Haşlanmış Barbunya 800 gr,67.15
Konserveler,Tat Bezelye No:3 680 gr,48.55
Konserveler,City Farm Organik Haşlanmış Bezelye 580 gr,83.95
Konserveler,City Farm Organik Haşlanmış Nohut 580 gr,83.95
Konserveler,City Farm Organik Haşlanmış Kuru Fasulye 580 gr,83.95
Konserveler,Tat Ayşe Fasulye 670 gr,100.75
Kraker,Eti Burçak Tuzlu Zeytinli 91 gr,19.05
Kraker,Ülker Çizi Haşhaşlı Baharatlı 70 gr,12.9
Kraker,Ülker Çizi Çıtır Tulum Peynir Soğan 120 gr,44.8
Kraker,Ülker Çizi Çıtır Tulum Peynir Köz Biber 120 gr,44.8
Kraker,Ülker Çizi Çıtır Tulum Peyniri Köz Biber 80 gr,33.6
Kraker,Ülker Çizi Çıtır Peynir Soğan 80 gr,33.6
Kraker,Ülker Altınbaşak Tahıl Cipsi 50 gr,17.9
Kraker,Ülker Badem Kraker 38 gr,7.85
Kraker,Ülker Badem Kraker Mısırlı 135 gr,29.1
Kraker,Ülker Taç Kraker 76 gr 3'lü,36.95
Kraker,Eti Burçak Tuzlu Çörekotlu 91 gr,19.05
Kraker,Ülker Taç Kraker Susamlı Çörek Otlu 76 gr,13.45
Kraker,Ülker Susamlı Çubuk 45 gr,10.1
Kraker,Ülker Çiziviç Peynirli 3X82 gr,53.7
Kraker,Eti Pizza Kraker 76 gr,14.0
Kraker,Eti Crax Peynirli Çubuk 175 gr,32.5
Kraker,Eti Crax Çubuk 45 gr,5.6
Kraker,Eti Crax Patlayan Lezzet Peynir-Soğan 50 gr,17.9
Kraker,Eti Crax Peynirli Çubuk 80 gr,16.8
Kraker,Eti Crax Çubuk 85 gr,10.65
Kraker,Eti Bumbo Portakallı Kakaolu Bisküvi 59 gr,12.9
Kraker,Eti Petibör 400 gr,55.45
Kraker,Eti Balık Kraker Mısırlı Mini 70 gr,16.8
Kraker,Eti Crax Patlayan Lezzet Mix Limon-Acı Biber 50 gr,17.9
Kraker,Ülker Çubuk Kraker 74 gr,10.65
Kraker,Ülker Krispi Acılı Çubuk 54 gr,9.5
Kraker,Ülker Krispi Peynirli Çubuk 54 gr,9.5
Kraker,Eti Crax Baharatlı Çubuk 80 gr,16.8
Kraker,Şölen Greta Zeytin-Kekik 120 gr,42.5
Kraker,Ülker Susamlı Çubuk 70 gr,14.55
Kraker,Ülker Taç Kraker 76 gr,12.9
Kraker,Eti Crax Patlayan Lezzet Acı Baharatlı 50 gr,17.9
Kraker,Ülker Çubuk Kraker 32 gr,5.6
Kraker,Eti Balık Kraker 85 gr,16.8
Kraker,Ülker Çiziviç Peynirli 82 gr,18.5
Kraker,Eti Çubuk Kraker Susamlı 120 gr,24.65
Kraker,Ülker Çizi Kraker 70 gr,12.9
Kraker,Ülker Çizi Kraker 4X70 gr,48.7
Kraker,Torku Çubuk Kraker 32 gr,3.9
Kraker,Torku Çubuk Kraker 64 gr,7.3
Kraker,Eti Burçak Tuzlu Çörekotlu 273 gr,56.0
Kraker,Ülker Çiziviç Zeytinyağlı ve Kekikli 82 gr,16.25
Kraker,Ülker Çizi Çıtır Tulum Peynirli Köz Biberli 40 gr,17.9
Kraker,Ülker Çizi Çıtır Peynir Soğan 40 gr,17.9
Kraker,Eti Çubuk Kraker Susamlı 56 gr,12.3
Krem Peynir,Torku Krempare 180 gr,61.55
Krem Peynir,Pınar Laktozsuz Labne Peynir 180 gr,63.8
Krem Peynir,Pınar Labne Peynir Sarımsak ve Frenk Soğan 180 gr,63.8
Krem Peynir,La Vache Krem Lor Peynir 150 gr,55.95
Krem Peynir,Teksüt Peynir Labne 180 gr,50.35
Krem Peynir,Pınar Krem Peynir Cheddarlı 270 gr,84.95
Krem Peynir,Pınar Extra Yumuşak Peynir 180 gr,63.8
Krem Peynir,Karper Üçgen Sade Peynir 3X108 gr,156.75
Krem Peynir,La Vache Peynir Cheddar Dilimli 180 gr,139.95
Krem Peynir,Pınar Labne Peynir 750 gr,212.75
Krem Peynir,İçim Krem Peynir 180 gr,61.55
Krem Peynir,Sütaş Üçgen Peynir 100 gr,41.4
Krem Peynir,Sütaş Labne Peynir 400 gr,86.2
Krem Peynir,Torku Labne 180 gr,59.3
Krem Peynir,Pınar Krem Peynir 300 gr,79.95
Krem Peynir,Sütaş Labne Peynir 200 gr,59.3
Krem Peynir,Sütaş Krem Peynir 150 gr,43.1
Krem Peynir,Sütaş Krem Peynir 300 gr,89.55
Krem Peynir,İçim Üçgen Peynir 100 gr,41.4
Krem Peynir,Karper Üçgen Sade Peynir 100 gr,44.75
Krem Peynir,Karper Üçgen Biberli Peynir 108 gr,55.95
Krem Peynir,İçim Krem Peynir 300 gr,89.55
Krem Peynir,İçim Peynir Labne 180 gr,52.6
Krem Peynir,Karper Üçgen Sade Peynir 200 gr,83.95
Krem Peynir,İçim Peynir Labne Chili 180 gr,52.6
Krem Peynir,İçim Peynir Labne Kekikli Zeytinli 180 gr,52.6
Krem Peynir,Kiri Peynir Kase 150 gr,67.15
Krem Peynir,Kiri Peynir 90 gr,61.55
Krem Peynir,Teksüt Peynir Krem Cheddarlı 140 gr,78.35
Krem Peynir,Teksüt Labne Peynir 400 gr,89.55
Krem Peynir,Pınar Beyaz Peynir 350 gr,123.15
Krem Peynir,La Vache Krem Peynir 270 gr,89.55
Krem Peynir,La Vache Krem Peynir 140 gr,72.75
Krem Peynir,La Vache Üçgen Peynir 100 gr 8 Porsiyon,64.4
Krem Peynir,Ekici Peynir Lokumlu 250 gr,89.55
Krem Peynir,İçim Labne Peynir 3X180 gr,145.55
Krem Peynir,Pınar Labne Peynir 400 gr,109.2
Krem Peynir,İçim Labne Peynir 400 gr,106.35
Krem Peynir,Torku Üçgen Peynir 100 gr,44.75
Krem Peynir,Pınar Üçgen Yarım Yağlı Peynir100gr,44.75
Krem Peynir,Pınar Labne Peynir 8'li 20 gr,70.5
Krem Peynir,La Vache Üçgen Peynir 200 gr,98.0
Krem Peynir,Pınar Peynir Beyaz 180 gr,67.15
Krem Peynir,Presıdent Peynir Mozeralla 600 gr,279.95
Krem Peynir,Pınar Labne Peynir Avantaj Paket 3X180 gr,179.15
Krem Peynir,La Vache Peynir Cheddar Dilimli 288 gr,223.95
Krem Peynir,Pınar Peynir Labne Çikolatalı 180 gr,63.8
Krem Peynir,Pınar Labne 180 gr,63.8
Krem Peynir,Ekici Peynir Krem 400 gr,95.15
Krem Peynir,Teksüt Peynir Krem 270 gr,78.35
Krem Peynir,Ekici Süzme Peynir 400 gr,79.95
Krem Peynir,President Cheddar Krem Peynir 270 gr,111.95
Krem Peynir,Pınar Peynir Beyaz Avantaj Paket 180X2,128.75
Krem Peynir,İçim Peynir Labne Laktozsuz 180 gr,52.6
Krem Peynir,Ekici Peynir Mavi Küflü 100 gr,179.15
Krem Peynir,President Cheddar Red Peynir 220 gr,173.55
Krem Peynir,Kiri Labne Peynir 150 gr,55.95
Kuru Fasulye,Hünkar Kuru Fasülye 1 kg,89.55
Kuru Fasulye,Hünkar Şeker Fasulye 1 kg,335.95
Kuru Fasulye,Hasata Kuru Fasülye 1 kg,134.35
Kuru Fasulye,Hünkar Dermason Fasulye 1 kg,100.75
Kuru Kayısı,Tadım Kayısı 140 gr,71.7
Kuru Kayısı,Tadım Gün Kurusu 140 gr,78.4
Kuru Soğan,Soğan Kuru,9.97
Kuru Üzüm,Yamanlar Kuş Üzümü,77.26
Kuru Üzüm,Emsal Kuruyemiş Siyah Üzüm 150 gr,55.95
Kuru Üzüm,Yamanlar Kuru Üzüm,65.8
Kuru Üzüm,Tadım Sultaniye 140 gr,51.5
Kuru Üzüm,Emsal Kuruyemiş Sarı Üzüm Çekirdeksiz 200 gr,55.95
Kuzu Eti,Süt Kuzu But,2351.85
Kuzu Eti,Süt Kuzu Külbastı,487.18
Kuzu Eti,Süt Kuzu Pirzola,613.73
Kuzu Eti,Süt Kuzu Kol,1125.52
Kuzu Eti,Süt Kuzu Gerdan,705.55
Kuzu Eti,Süt Kuzu Kemikli Fileto,447.98
Kırmızı Lahana,Lahana Kırmızı,117.52
Kırmızı Turp,Turp Kırmızı,16.77
Kıvırcık,Kıvırcık,39.95
Limon,Limon Lamas,14.97
Maden Suyu ve Sodası,Kızılay Maden Suyu Erzincan 6'lı,34.95
Maden Suyu ve Sodası,Uludağ Premium Soda 750 ml,75.6
Maden Suyu ve Sodası,Uludağ Maden Suyu 6X200 ml,50.35
Maden Suyu ve Sodası,Damla Maden Suyu 6X200 ml,58.2
Maden Suyu ve Sodası,Kızılay Maden Suyu Afyon 6X200 ml,34.95
Maden Suyu ve Sodası,Sırma Maden Suyu 6X200 ml,39.15
Maden Suyu ve Sodası,Beypazarı Maden Suyu 200 ml,9.5
Maden Suyu ve Sodası,Uludağ Premium Soda 250 ml,30.8
Maden Suyu ve Sodası,Sırma Maden Suyu 1 L,26.8
Makarna,Ankara Makarna Dirsek 500 gr,27.95
Makarna,Barilla Penne Rigate (Kalem) Makarna 500 gr,47.0
Makarna,Filiz Spagetti (Çubuk) Makarna 500 gr,27.95
Makarna,Filiz Tam Buğdayi Burgu Makarna 350 gr,33.55
Makarna,Ankara Makarna 500 gr Tam Buğday Kalem,33.55
Makarna,Filiz Tam Buğday Spagetti (Çubuk) Makarna 350 gr,33.55
Makarna,Arbella Makarna Linguini 500 gr,24.35
Makarna,Arbella Dirsek Makarna 500 gr,24.35
Makarna,Arbella Makarna Fiyonk 500 gr,24.35
Makarna,Ankara Makarna 500 gr Tam Buğday Spagetti,33.55
Makarna,Barilla Mantı Makarna (Pipe Rigate) 500 gr,47.0
Makarna,Filiz Kalem Makarna 500 gr,27.95
Makarna,Filiz Tel Şehriye 500 gr,27.95
Makarna,Filiz Yüksük Makarna 500 gr,27.95
Makarna,Arbella Makarna Spagetti 500 gr,24.35
Makarna,Barilla Tortiglioni (Kalın Kesme) Makarna 500 gr,47.0
Makarna,Arbella Makarna Kuskus 500 gr,24.35
Makarna,Ankara Makarna Fırınlık 500 gr,27.95
Makarna,Ankara Makarna Boncuk 500 gr,27.95
Makarna,Ankara Makarna Linguine 500 gr,27.95
Makarna,Arbella Makarna Kalın Kesme 500 gr,24.35
Makarna,Filiz Kelebek Makarna 500 gr,27.95
Makarna,Arbella Makarna Fırın 500 gr,24.35
Makarna,Barilla Fusilli (Burgu) Makarna 500 gr,47.0
Makarna,Ankara Makarna Erişte 500 gr,27.95
Makarna,Barilla Pipette (Bukle) Makarna 500 gr,47.0
Makarna,Arbella Makarna Arpa Şehriye 500 gr,24.35
Makarna,Arbella Makarna Kelebek 500 gr,24.35
Makarna,Ankara Makarna Arpa Şehriye 500 gr,27.95
Makarna,Arbella Makarna Papatya 500 gr,24.35
Makarna,Ankara Makarna Tel Şehriye 500 gr,27.95
Makarna,Barilla Kelebek (Farfalle) Makarna 500 gr,47.0
Makarna,Arbella Makarna Erişte 500 gr,24.35
Makarna,Arbella Çarliston Makarna 500 gr,24.35
Makarna,Filiz Fiyonk Makarna 500 gr,27.95
Makarna,Filiz Mantı Makarna 500 gr,27.95
Makarna,Filiz Burgu Makarna 500 gr,27.95
Makarna,Ankara Makarna Uzun 500 gr,27.95
Makarna,Ankara Makarna Kalem 500 gr,27.95
Makarna,Ankara Makarna Bukle 500 gr,27.95
Makarna,Arbella Makarna Boncuk 500 gr,24.35
Makarna,Ankara Makarna Fiyonk 500 gr,27.95
Makarna,Arbella Makarna İnce Kesme 500 gr,24.35
Makarna,Barilla Deniz Kabuğu (Gnocchetti) Makarna 500 gr,47.0
Makarna,Ankara Makarna İnce Spagetti 500 gr,27.95
Makarna,Arbella Makarna Burgu 500 gr,24.35
Makarna,Filiz Fırın Makarna 500 gr,27.95
Makarna,Ankara Makarna Bamya 500 gr,27.95
Makarna,Filiz Boncuk Makarna 500 gr,27.95
Makarna,Filiz Dirsek Makarna 500 gr,27.95
Makarna,Filiz Erişte 500 gr,27.95
Makarna,Filiz Arpa Şehriye 500 gr,27.95
Makarna,Arbella Makarna Yüksük 500 gr,24.35
Mandalina,Mandalina W.Murcott,24.98
Mandalina,Mandalina W.Murcott,24.98
Mantar,Ran Mantar Paket 400 gr,67.15
Margarin,Sana Tereyağı Lezzeti Paket 250 gr,39.15
Margarin,Sana Hamur İşi Paket 250 gr,43.6
Margarin,Sana Klasik Paket 6'lı 250 gr,184.25
Margarin,Sana Paket 250 gr,33.55
Margarin,Bizim Margarin Paket 250 gr,36.9
Margarin,Yayla Paket Margarin 250 gr,24.6
Margarin,Bizim Terem Yağ 250 gr,42.5
Margarin,Bizim Margarin 6X250 gr,190.35
Maydanoz,Maydanoz,20.1
Mayonez,Pınar Mayonez 350 gr,100.75
Mayonez,Calve Mayoçap 405 gr,95.15
Mayonez,Calve Mayonez Sriracha 235 gr,111.95
Mayonez,Calve Mayonez Pesto 235 gr,123.15
Mayonez,Heinz Mayonez 330 gr,49.95
Mayonez,Tat Mayonez Sarımsaklı 205 gr,63.8
Mayonez,Pınar Mayonez Cam 300 gr,95.15
Mayonez,Heinz Mayonez 505 gr,145.55
Mayonez,Heinz Sarımsaklı Mayonez 400 ml,145.5
Mayonez,Tat Mayonez 550 gr,100.75
Mayonez,Tat Mayonez 330 gr,72.75
Mayonez,Calve Regular Mayonez 350 gr,95.15
Mayonez,Pınar Mayonez 500 gr,128.75
Mayonez,Calve Mayonez 540 gr,123.15
Mercimek,Hünkar Kırmızı Mercimek 1 kg,72.75
Mercimek,Hasata Kırmızı Mercimek 1 kg,78.35
Mercimek,Duru Bakliyat Kırmızı Mercimek 2 kg,184.75
Meyve Suyu,Cappy Karışık 330 ml,44.75
Meyve Suyu,İçim Meyve Suyu Şeftali 1 L,39.15
Meyve Suyu,Tat Domates Suyu 1 L,67.15
Meyve Suyu,İçim Meyve Suyu Vişne 1 L,39.15
Meyve Suyu,Cappy Karışık 1 L,50.4
Meyve Suyu,Cappy Meyve Suyu % 100 Elma 1 L,50.4
Meyve Suyu,Cappy Şeftali 1 L,50.4
Meyve Suyu,Ancora Sıkma Karışık 250 ml,27.95
Meyve Suyu,Ancora Sıkma Böğürtlen Suyu 250 ml,27.95
Meyve Suyu,Pfanner Meyve Suyu Karışık 2 L,212.75
Meyve Suyu,Cappy Meyve Suyu Kayısı 200 ml,15.6
Meyve Suyu,Pfanner Meyve Suyu C+D+A 2 L,212.75
Meyve Suyu,Cappy Pulpy Portakal 1 L,50.4
Meyve Suyu,İçim Meyve Suyu Kayısı 1 L,39.15
Meyve Suyu,Cappy Meyve Suyu Kayısı 1 L,50.4
Meyve Suyu,Pfanner Meyve Suyu B+C+E Orman Meyveli 2lt,212.75
Meyve Suyu,Cappy Kayısı 330 ml,44.75
Meyve Suyu,Pfanner Meyve Suyu Portakal 2 L,279.95
Meyve Suyu,Cappy Şeftali 330 ml,44.75
Meyve Suyu,Schweppes Misket Limon Kutu 250 ml,44.75
Meyve Suyu,Cappy Portakal 200 ml,15.6
Meyve Suyu,Cappy Meyve Suyu Şeftali 200 ml,15.6
Meyve Suyu,Cappy Vişne 330 ml,44.75
Meyve Suyu,Cappy Vişne 1 L,50.4
Meyve Suyu,Cappy Serin Misket Limon 1 lt,26.95
Meyve Suyu,Pfanner Meyve Suyu Ananas 2 L,212.75
Meyve Suyu,Cappy Serin Narenciye 1 lt,26.95
Meyve Suyu,Ancora Nar Suyu 1 L,67.15
Meyve Suyu,Tamek Meyve Suyu Elma 1 lt,50.35
Meyve Suyu,Cappy Portakal 1 L,55.95
Meyve Suyu,Cappy Atom 330 ml,44.75
Meyve Suyu,Cappy Portakal 330 ml,44.75
Meyve Suyu,Ancora Karadut Suyu 1 L,67.15
Meyve Suyu,Capri-Sun Multivitamin 200 ml,12.9
Meyve Suyu,Capri-Sun Multi Safari 200 ml,12.9
Meyve Suyu,İçim Meyve Suyu Ananas 1 L,39.15
Meyve Suyu,Uludağ Meyvelim Portakal 1 L,44.75
Meyve Suyu,Pfanner Meyve Suyu A+C+E Meyveli 2 L,212.75
Meyve Suyu,İçim Meyve Suyu Elma 1 L,39.15
Meyve Suyu,Cappy Atom 200 ml,15.6
Meyve Suyu,Pfanner Meyve Suyu Morning Boost 2 L,212.75
Meyve Suyu,İçim Meyve Suyu Karışık 1 L,39.15
Meyve Suyu,İçim Meyve Suyu Karışık 200 ml,10.0
Meyve Suyu,İçim Meyve Suyu Şeftali 200 ml,10.0
Meyve Suyu,İçim Meyve Suyu Vişne 200 ml,10.0
Meyve Suyu,Cappy Pulpy Karısık 1 L,50.4
Meyve Suyu,Shweppes Mandalina Kutu 250 ml,44.75
Meyve Suyu,Tamek Karışık Meyve Suyu 250 ml,15.1
Meyve Suyu,Uludağ Meyvelim Ananas 1 Lt,38.65
Meyve Suyu,Tamek Vişne Meyvelim 200 ml,9.5
Meyve Suyu,Tamek Meyve Suyu Vişne Elma 1 L,50.35
Meyve Suyu,Pfanner Meyve Suyu Vitamin Reload 2 L,212.75
Meyve Suyu,Tamek Karışık Meyve Suyu 200 ml,9.5
Meyve Suyu,Ancora Erik Suyu 1 L,67.15
Meyve Suyu,Cappy Atom Vişne 6x200 ml,67.1
Meyve Suyu,Cappy Cool Hibiskus 1 Lt,50.4
Meyve Suyu,Ancora Kara Üzüm Suyu 1 L,67.15
Meyve Suyu,Hipp Organik Karışık Meyve Suyu 200 ml,83.95
Meyve Suyu,Tamek Meyve Suyu Karışık Kahvaltım 1 L,44.75
Meyve Suyu,Tamek Ananas Meyve Suyu 1 L,44.75
Meyve Suyu,Tamek Meyve Suyu Şeftali-Elma 1 L,50.35
Meyve Suyu,Tamek Meyve Suyu Vişne 1 L,50.35
Meyve Suyu,Tamek Meyve Suyu Şeftali 200 ml,9.5
Meyve Suyu,Tamek Meyve Suyu Kayısı 200 ml,9.5
Meyve Suyu,Ancora Elma Suyu 1 L,67.15
Meyve Suyu,Ancora Sıkma Şeftali Meyve Suyu 1 L,67.15
Muz,Muz Yerli,34.98
Muz,Muz İthal,67.17
Nar,Nar,33.58
Nohut,Hasata Nohut Koçbaşı 1 kg,111.95
Nohut,Hasata Nohut Beyaz 1 kg,184.75
Nohut,Hünkar Beyaz Nohut 1 kg,139.95
Nohut,Hünkar Nohut 1 kg,86.2
Patlıcan,Patlıcan,33.58
Patlıcan,Patlıcan Bostan,67.17
Patlıcan,Garliko Kuru Patlican 25'li,151.15
Pekmez,Hünnap Keçiboynuzu Özü 640 gr,129.95
Pekmez,Seyidoğlu Dut Pekmezi 700 gr,134.35
Pekmez,Koska Keçiboynuzu Pekmezi 700 gr,134.35
Pekmez,Koska Üzüm Pekmezi Pratik 400 gr,151.15
Pekmez,Koska Fındık Püreli Tahin Pekmez Grissini 55 gr,55.95
Pekmez,Seyidoğlu Keçiboynuzu Pekmezi 400 gr,64.95
Pekmez,Seyidoğlu Dut Pekmezi 400 gr,64.95
Pekmez,City Farm Organik Keçiboynuzu Pekmezi 450 gr,201.55
Pekmez,Seyidoğlu Üzüm pekmezi 400 gr,64.95
Pekmez,Koska Üzüm Pekmezi 380 gr,134.35
Pekmez,Hünnap Bebe Bisküvi Keçi Sütlü 400 gr,83.95
Pekmez,Seyidoğlu Üzüm Pekmezi Aç-Dök 450 gr,78.35
Pekmez,Zühre Ana Bromelain Şurubu 250 ml,249.95
Pekmez,Koska Pekmez Üzüm 1150 gr,358.35
Pekmez,Zühre Ana Keçiboynuzu Özü 350 gr,167.95
Pekmez,Zühre Ana Hurma Özü 350 gr,145.55
Pekmez,Zühre Ana Karadut Özü 670 gr,279.95
Pekmez,Zühre Ana Kozalak Macunu 240 ml,302.35
Pekmez,Zühre Ana Kids Macun 240 ml,302.35
Pekmez,Zühre Ana Pektamin 350 ml,190.35
Pekmez,Zühre Ana Kozalak Şurubu 650 ml,279.95
Pekmez,Koska Üzüm Pekmezi 700 gr,235.15
Pekmez,Seyidoğlu Üzüm Pekmezi Bidon 700 gr,134.35
Pekmez,Koska Dut Pekmezi 800 gr,263.15
Pekmez,Koska Keçi Boynuzu Pekmezi 800 gr,162.35
Pekmez,Seyidoğlu Tahin Pekmez ikili Set 740 gr,162.35
Pekmez,Koska Keçiboynuzu Pekmezi 380 gr,89.55
Pekmez,Koska Tahin Pekmez 140 gr,67.15
Pekmez,Seyidoğlu Harnup Pekmezi 700 gr,134.35
Pekmez,Koska Tahin Pekmez 350 gr,156.75
Pekmez,Koska Dut Pekmezi 380 gr,134.35
Pirinç,"Hünkar Pirinç Pilavlık 2,5 kg",139.95
Pirinç,Duru Bakliyat Kırık Pirinç 1 kg,52.6
Pirinç,Hünkar Baldo Gönen Pirinç 1 kg,111.95
Pirinç,Hünkar Kırık Pirinç 1 kg,33.55
Pirinç,Hünkar Osmancık Pirinç 2.5 kg,190.35
Pirinç,Hünkar Osmancık Pirinç 1 kg,78.35
Pirinç,Hünkar Osmancık Yerli Pirinç 2.5 kg,167.95
Pirinç,Hünkar Osmancık Pirinç Yerli 1 kg,70.5
Pirinç,Hasata Gönen Baldo Pirinç 2 kg,189.95
Pirinç,Hasata Osmancık Pirinç 1 kg,92.9
Pirinç,Hünkar Baldo Gönen Pirinç 2.5 kg,201.55
Pirinç,Hasata Osmancık Pirinç 2 kg,167.95
Pirinç,Hünkar Pirinç Pilavlık 1 kg,55.95
Pirinç,Duru Bakliyat Osmancık Pirinç 2 kg,207.15
Pirinç,Hasata Basmati Pirinç 1 kg,100.75
Pirinç,Duru Bakliyat Pilavlık Pirinç 2 kg,173.55
Portakal,Portakal Mersin,22.38
Portakal,Portakal Finike,22.38
Portakal,Portakal Sıkma,134.25
Pırasa,Pırasa,16.77
Reçel,Tat Reçel Çilek 380 gr,78.35
Reçel,Seyidoğlu Kayısı Reçeli 380 gr,78.35
Reçel,Seyidoğlu Gül Reçeli 380 gr,78.35
Reçel,Tat Reçel Kayısı 380 gr,78.35
Reçel,Tat Reçel Vişne 380 gr,78.35
Reçel,"Koska Reçel Çilek 1,5 Kg",279.95
Reçel,Koska Vişne Reçeli 380 gr,111.95
Reçel,Seyidoğlu Ahududu Reçeli 380 gr,89.55
Reçel,Koska İncir Reçeli 380 gr,111.95
Reçel,Koska Vişne Reçeli 760 gr,190.35
Reçel,Koska Gül Reçeli 380 gr,111.95
Reçel,Seyidoğlu Kuru İncir Reçeli 380 gr,78.35
Reçel,Koska Çilek Reçeli 760 gr,190.35
Reçel,Seyidoğlu Böğürtlen Reçeli 380 gr,89.55
Reçel,Seyidoğlu Ayva Reçeli 380 gr,78.35
Reçel,Seyidoğlu Portakal Reçeli 380 gr,78.35
Reçel,Seyidoğlu Vişne Reçeli 380 gr,78.35
Reçel,Koska Çilek Reçeli 380 gr,111.95
Reçel,Koska Kayısı Reçeli 380 gr,111.95
Reçel,Seyidoğlu Çilek Reçeli 700 gr,111.95
Roka,Roka,22.35
Sakız,Ülker Oneo Karpuz 60 gr,50.4
Sakız,Falım Ciklet Karpuz 5X5'li 35 gr,44.75
Sakız,First Sensations Yeşil Nane 14'lü 27 gr,44.75
Sakız,Ülker Oneo Nane 60 gr,50.4
Sakız,Falım Ciklet Çilekli 5X5'li 35 gr,44.75
Sakız,Kent Bubblicious Karışık Meyve 38 gr,22.4
Sakız,Ülker Oneo Stick Nane 31 gr,33.6
Sakız,Ülker Oneo Karpuz 14 gr,16.8
Sakız,Falım Ciklet Işıl Karbonatlı 5X5'li 40 gr,47.6
Sakız,First Sensations Çilek Rüyası 14'lü 27 gr,44.75
Sakız,First Sensations Tropik Karnaval 14'lü 27 gr,44.75
Sakız,First Sensations Karadut 14'lü 27 gr,44.75
Sakız,First Sensations Karpuz 14'lü 27 gr,44.75
Sakız,Falım Karışık Meyve Aromalı Ciklet  5'li 7 gr,11.2
Sakız,Falım Damla Sakızı Aromalı Ciklet  5'li 7 gr,11.2
Sakız,First Sensations Damla Sakızlı 14'lü 27 gr,44.75
Sakız,Tipitip Karışık Meyve 27 gr,44.75
Sakız,First Sensations Nane Ferahlığı 14'lü 27 gr,44.75
Sakız,Falım Nane Aromalı Ciklet  5'li 7 gr,11.2
Sakız,Ülker Oneo Nane 14 gr,16.8
Sakız,Vivident Xylit Extra Mega Nane 66 gr,75.6
Sakız,Vivident 45 Dk Cüzdan Sakız Nane 26 gr,40.3
Sakız,Ülker Oneo Bubble Milkshake Dev 76 gr,50.4
Sakız,Mentos Pure Ekşi Çilek 30 gr,44.8
Sakız,Ülker Oneo Duo Nane 60 dk 14 gr,16.8
Sakız,First İnfinity Çilek Lime 60 DK 19.5 gr,39.2
Sakız,First İnfinity Nane 60 DK 19.5 gr,39.2
Sakız,Ülker Pembo Meyveli Sakız 22.5 gr,12.3
Sakız,Big Babol Fantastik World 90 gr,78.4
Sakız,First Ahududu Limon 60 Dakika 27 gr,44.75
Sakız,Vivident Naneli 45 Dakika 67 gr,75.6
Sakız,First Karpuz Şeftali 60 dk 27 gr,44.75
Sakız,Vivident 45 Dk Cüzdan Yeşil Nane 26 gr,40.3
Sakız,Mentos Pure Fresh Small Bottle Sakız Nane 60 gr,75.6
Sakız,Vivident 45 Dk Cüzdan Sakız Çilek 26 gr,40.3
Sakız,Vivident 45 Dk  Cüzdan Sakız Ahududu 26 gr,40.3
Sakız,Big Babol Magic Cubes 86 gr,78.4
Sakız,Big Babol Çılgın Meyveler 36 gr,33.6
Sakız,Big Babol Çilekli Milkshake 26 gr,33.6
Sakız,Big Babol Muzlu Milkshake 26 gr,33.6
Sakız,Mentos Pure Fresh Big Bottle Sakız Karpuz 90 gr,100.8
Sakız,Ülker Oneo Bubble Mini 60 gr,41.45
Sakız,Mentos Pure Fresh Pocket Bottle Sakız Karpuz 30 gr,44.8
Sakız,Mentos Pure Fresh Small Bottle Sakız Çilek 30 gr,44.8
Sakız,Vivident Yeşil Nane 67 gr,75.6
Sakız,Falım Ciklet Çilek Aromalı 5'li 7 gr,11.2
Sakız,Falım Ciklet Nane 5X5'li 35 gr,44.75
Sakız,Tipitip Kırmızı Meyve Mentol 27 gr,44.75
Sakız,Falım Ciklet Karpuz 5'li 7 gr,11.2
Sakız,Toybox Misket Sakız 25 gr,8.1
Sakız,Vivident Yeşil Nane 23 gr,29.1
Sakız,Vivident Extra Nane 23 gr,29.1
Sakız,Vivident Extra Mentol Nane 26 gr,40.3
Sakız,Vivident Damla Sakızlı 26 gr,40.3
Sakız,Mentos Pure Fresh Small Bottle Sakız Karpuz 60 gr,75.6
Sakız,Vivident Storming Nane 33 gr,40.3
Sakız,Vivident Storming Damla Sakızı 33 gr,40.3
Sakız,Vivident Storming Karpuz 33 gr,40.3
Sakız,Vivident Storming Yeşil nane 33 gr,40.3
Sakız,Vivident 45 Dakika Zarf Sakız 33 gr,40.3
Sakız,First 60dk Keskin Nane 27 gr,44.75
Sakız,First 60dk Yeşil Nane 27 gr,44.75
Sakız,Vivident Air Action Mentol-Okaliptus 26 gr,40.3
Sakız,Vivident Storming Ahududu 33 gr,40.3
Sakız,Vivident Insta White 63 gr,78.4
Sakız,Vivident Storming Çilek 33 gr,40.3
Sakız,Mentos Pure Fresh Small Bottle Sakız Çilek 60 gr,75.6
Salam,Pınar Kahvaltılık Salam 250 gr,223.95
Salam,Pınar Salam Macar Büyük Dilim Aç Bitir 50 gr,48.7
Salam,Pınar Aç Bitir Hindi Salam Fıstıklı 50 gr,28.55
Salam,Maret Pratik Hindi Salam 60 gr,20.95
Salam,Maret Pratik Hindi Füme Salam 60 gr,33.55
Salam,Torku Macar Salam 60 gr,39.15
Salam,Pınar Aç Bitir Hindi Salam 75 gr,33.55
Salam,Torku Macar Salam 250 gr,167.95
Salam,Pınar Salam Doyum Büfe 700 gr,179.15
Salam,Pınar Hindi Salam Aç Bitir Büyük Dilim 60 gr,27.45
Salam,Torku Fıstıklı Salam 250 gr,167.95
Salam,Namet Fıstıklı Macar Salam 150 gr,154.5
Salam,Pınar Doyum Salam 225 gr,59.3
Salam,Namet Macar Salam 50 gr,39.15
Salam,Namet Hindi Salam 60 gr,25.7
Salam,Erpiliç Piliç Salam 750 gr,106.35
Salam,Torku Salam Fıstıklı 50 gr,36.9
Salam,Maret Pratik Macar Salam 50 gr,39.15
Salam,Namet Fıstıklı Hindi Salam 50 gr,26.8
Salam,Doyfarm Piliç Salam 750 gr,74.95
Salam,Maret Hindi Füme 110 gr,74.95
Salam,Polonez Piliç Salam 60 gr,24.95
Salam,Polonez Dana Macar Salam 50 gr,49.95
Salam,Polonez Hindi Parça Etli Salam 50 gr,24.95
Salam,Pınar Aç Bitir Macar Salam 60 gr,55.95
Salam,Namet Macar Salam 150 gr,151.15
Salatalık,Göbek Salata,49.95
Salatalık,Salata Badem,39.17
Salça,Öncü Acılı Biber Salçası 1650 gr,307.95
Salça,Tat Biber Salçası Acı 1450 gr,223.95
Salça,Tat Domates Püresi Teneke 680 gr,39.15
Salça,Tat Domates Salçası 1500 gr,164.6
Salça,Tat Biber Salçası Tatlı 1450 gr,223.95
Salça,Tamek Domates Salça 425 gr,48.1
Salça,Öncü Domates Salçası 1650 gr,156.75
Salça,Tat Domates & Biber Karışık Salça 560 gr,97.15
Salça,Öncü Domates & Biber Karışık Salça 700 gr,106.35
Salça,Tamek Acılı Biber Salçası 540 gr,89.55
Salça,Tat Domates Salça 360 gr,55.95
Salça,Öncü Domates Salçası 830 gr,55.95
Salça,Öncü Biber Salçası 700 gr,139.95
Salça,Tat Acı Biber Salçası 550 gr,106.35
Salça,Tat Biber Salçası Tatlı 550 gr,106.35
Salça,Öncü Biber Salçası Acılı 700 gr,139.95
Salça,Tat Domates Salçası 830 gr,55.95
Salça,Tat Domates Püresi 200 ml,22.35
Salça,Tat Koy Domates Salcası 560 gr,75.55
Salça,Tat Koy Tatlı Bıber Salcası 550 gr,107.95
Salça,Öncü Tatlı Biber Salçası 1650 gr,307.95
Salça,Tamek Domates Salça 830 gr,48.55
Sarımsak,Sarımsak,78.35
Sirke,Kühne Beyaz Sirke 2 L,79.95
Sirke,Fersan Beyaz Sirke 2 L,89.55
Sirke,Kemal Kükrer Beyaz Sirke 2 L,61.55
Sirke,Fersan Sirke Balsamik Cam 500 ml,156.75
Sirke,Fersan Elma Sirke 1 L,111.95
Sirke,Kemal Kükrer Üzüm Sirkesi 1 L,89.55
Sirke,Fersan Elma Sirkesi 500 ml,69.95
Sirke,Kemal Kükrer Elma Sirkesi Cam 500 ml,67.15
Sirke,Fersan Beyaz Sirke 1 L,44.75
Sirke,Kemal Kükrer Elma Sirkesi Pet 1 L,100.75
Sirke,Fersan Elma Sirkesi Cam 500 ml,89.55
Sirke,Fersan Üzüm Sirkesi 2 L,151.15
Sirke,Kühne Üzüm Sirkesi 2 L,94.95
Sirke,Kühne Elma Sirkesi 500 ml,72.75
Sirke,Fersan Üzüm Sirke 500 ml,67.15
Sirke,Kühne Elma Sirkesi Cam 500 ml,89.55
Sirke,Kühne Elma Sirkesi 1 L,111.95
Sirke,Kemal Kükrer Üzüm Sirkesi Cam 500 ml,63.8
Sirke,Fersan Üzüm Sirkesi 1 L,100.75
Sirke,Kemal Kükrer Üzüm Sirkesi 500 ml,55.95
Sirke,Fersan Üzüm Sirkesi 500 ml,72.75
Sirke,Fersan Sirke Elma 2 lt,167.95
Sirke,Zühre Ana Ananas Sirkesi 500 ml,167.95
Sirke,Zühre Ana Alıç Sirkesi 500 ml,167.95
Sirke,Kühne Karbonatlı Beyaz Sirke Pet 1 L,67.15
Sirke,Kemal Kükrer Elma Sirkesi Pet 500 ml,61.55
Sivri Biber,Biber Sivri Tatlı,67.17
Sivri Biber,Biber Sivri,50.38
Sosis,Pınar Ekonomik Sosis 10'lu 430 gr,369.55
Sosis,Maret Dana Afiyetle Sosis 200 gr,145.55
Sosis,Torku Soyulmuş Sosis 300 gr,212.75
Sosis,Erpiliç Kokteyl Sosis 700 gr,134.35
Sosis,Pınar Sosis Hindi Uzun 430 gr,151.15
Sosis,Namet Hindi Sosis 7/24 140 gr,48.1
Sosis,Doyfarm Piliç Minik Sosis 500 gr,64.95
Sosis,Maret Sosis Kokteyl Piliç 250 gr,67.15
Sosis,Aytaç Sosis Çiftlik 225 gr,44.75
Sosis,Pınar Minik Kokteyl Sosis 215 gr,212.75
Sosis,Maret Soyulmuş Sosis 5'li 240 gr,179.15
Sosis,Pınar Uzun Sosis 225 gr,212.75
Soğuk Çay,Didi Bergamot 2.5 L,55.95
Soğuk Çay,Pin Hibiskus Tea Kutu 250 ml,27.5
Soğuk Çay,Pin Cool Lime Kutu 250 ml,27.5
Soğuk Çay,Pin Portakal Mango 1 Lt,44.75
Soğuk Çay,Pin Beyaz Şeftali 1 Lt,44.75
Soğuk Çay,Pin Cool Lime 1 Lt,44.75
Soğuk Çay,Pin Vitamin İce Tea Şeftali 1 Lt,44.75
Soğuk Çay,Fuse Tea Ice Tea Mango Ananas 1 L,42.0
Soğuk Çay,Fuse Tea Soğuk Çay Karpuz Aromalı İçecek Pet 1 L,42.0
Soğuk Çay,Fuse Tea Ice Tea Limon 1.5 L,48.1
Soğuk Çay,Fuse Tea Ice Tea Kavun Çilek 1 L,42.0
Soğuk Çay,Fuse Tea Soğuk Çay Mango Ananas Aromalı İçecek Kutu 330 ml,43.1
Soğuk Çay,Fuse Tea Soğuk Çay Şeftali Aromalı İçecek Kutu 330 ml,43.1
Soğuk Çay,"Fuse Tea Soğuk Çay Şeftali Aromalı İçecek Pet 1,5 L",48.1
Soğuk Çay,Fuse Tea Soğuk Çay Karpuz Aromalı İçecek Kutu 330 ml,43.1
Soğuk Çay,Fuse Tea Soğuk Çay Limon Aromalı İçecek Kutu 330 ml,43.1
Soğuk Çay,Fuse Tea Ice Tea Karpuz 1.5 L,48.1
Soğuk Çay,"Fuse Tea Soğuk Çay Mango Ananas Aromalı İçecek Pet 1,5 L",48.1
Soğuk Çay,Didi Şeftali 1.5 L,39.75
Soğuk Çay,Fuse Tea Ice Tea Kavun Çilek 1.5 L,48.1
Soğuk Çay,Didi Limon 1.5 L,39.75
Soğuk Çay,Didi Bergamot 1.5 L,39.75
Soğuk Çay,Didi Şeftali 2.5 L,55.95
Soğuk Çay,Fuse Tea Soğuk Çay Şeftali Aromalı İçecek Pet 1 L,42.0
Soğuk Çay,Didi Bergamot 500 ml,22.35
Su,Hayat Su 1.5 L,17.85
Su,"Hayat Su Premium Cam 0,33 Lt",19.6
Su,Elmacık Su 5 lt,21.0
Su,"Elmacık Su 0,5 Lt",5.05
Su,"Elmacık Su 1,5 Lt",10.1
Su,Hayat Su Premium Cam 0.75 L,33.55
Su,"Hayat Su 6X1,5 L",78.35
Su,San Pellegrino 6X250 ml,380.75
Su,Erikli Su 1 L,26.8
Su,Abant Pet Su 5 L,23.5
Su,"Abant Pet Su 1,5 L",9.5
Su,"Abant Pet Su 0,5 L",4.5
Su,Uludağ Premium 400 ml,19.0
Su,San Pellegrino Cam 750 ml,134.35
Su,Hayat Su Sporcu Kapak 0.75 ml,19.6
Su,Saka Su 0.5 L,11.1
Su,Saka Su 1.5 L,22.35
Su,Uludağ Premium Su 1 L,33.55
Su,Erikli Su Cam 330 ml,44.75
Su,Hayat Su 5 L,35.85
Su,Damla Su 5 L,62.65
Su,Hayat Su 0.5 L,9.95
Su,Erikli Su 6X1.5 L,111.95
Su,Damla Su 0.5 L,8.4
Su,Pınar Su 5 L,33.55
Su,Erikli Su 1.5 L,28.55
Su,Pınar Su 1.5 L,16.25
Su,Erikli Su 0.5 L,14.5
Su,Hayat Su Baby 6X330 ml,84.0
Su,Pınar Su 0.5 L,9.5
Su,Hayat Su Maskot 330 ml,11.15
Su,Saka Su 5 L,38.65
Su,Erikli Su Cam 750 ml,67.15
Su,Erikli Su 5 L,49.5
Sucuk,Namet Sucuk Dana 200 gr,167.95
Sucuk,Aytaç Dilimli Piliç Sucuk 225 gr,72.75
Sucuk,Aytaç 2'li Fırsat Paket Piliç 350 gr,100.75
Sucuk,Torku Sucuk 180 gr,151.15
Sucuk,Maret Sucuk Dana Kangal 400 gr,249.95
Sucuk,Coşkun Çatal Sucuk 250 gr,358.35
Sucuk,Polonez Kangal Isıl Sucuk 200 gr,212.75
Sucuk,İkbal Sucuk Fermente 300 gr,324.75
Sucuk,Coşkun Sucuk,464.77
Sucuk,İkbal Sucuk,449.98
Sucuk,Cumhuriyet Fermente Kangal Sucuk,669.18
Sucuk,Namet Kangal Sucuk,349.98
Sucuk,Torku Fermente Sucuk 225 gr,212.75
Sucuk,Torku Acılı Fermente Sucuk 225 gr,212.75
Sucuk,Pınar Hindi Sucuk Mangal Keyfi 300 gr,156.75
Sucuk,Pınar Sucuk Gurme 250 gr,324.75
Sucuk,Pınar Şölen Sucuk 180gr,153.4
Sucuk,Maret Sucuk Boncuk Kangal 220 gr,218.35
Sucuk,Pınar Klasik Sucuk 225 gr,246.35
Sucuk,Sucuk Kangal,279.97
Süt,Torku Süt Muzlu 6X180 ml,89.55
Süt,Pınar Çocuk Süt 1/1,59.95
Süt,İçim Süt İçimino Muzlu 180 ml,14.0
Süt,İçim Süt İçimino Muzlu 180x6 ml,78.35
Süt,Torku Süt Çilek Miniki 180ML,16.25
Süt,İçim Süt İçimino Çilekli 180x6 ml,78.35
Süt,Alpro Badem 500 ml,89.95
Süt,Danone Süt Sade 180 ml,18.5
Süt,Pınar Tam Yağlı Süt 6'lı 200 ml,111.95
Süt,İçim Süt Protein 1 Lt,67.15
Süt,İçim Süt Barista 1 lt,61.55
Süt,İçim Süt Fit Çikolatalı 400 ml,50.35
Süt,İçim Süt Fit Kahveli 400 ml,50.35
Süt,İçim Süt Fit Çilekli 400 ml,50.35
Süt,Alpimilk  Süt Çikolata Fındık 180 ml,15.6
Süt,Alpimilk Süt Çikolata Muz 180 ml,15.6
Süt,Danone Süt Laktozsuz 1 L,39.15
Süt,Uluova Jersey Günlük Süt 3 L,324.75
Süt,Sütaş Süt Çikolatalı 1 L,89.55
Süt,İçim Süt Fit Vanilyalı 400 ml,50.35
Süt,Pınar Süt %1 Yağlı 1 L,48.1
Süt,İçim Devam Sütü 200 ml,21.85
Süt,İçim Süt Rahat 500 ml,39.15
Süt,Alpro  Badem Sütü 1 L,169.95
Süt,"Sütaş Süt 2,5 Yağlı 180 ml",15.6
Süt,İçim Süt 500 ml,36.9
Süt,Sütaş Muzlu Süt 200 ml,15.6
Süt,Sütaş Çilekli Süt 6X180 ml,78.35
Süt,Sütaş Tam Yağlı Süt 1 L,59.3
Süt,Danone Kakaolu Süt 6X180 ml,69.95
Süt,Pınar Laktozsuz Süt 1 L,49.95
Süt,Pınar Süt Tam Yağlı 1 L,49.95
Süt,Pınar Laktozsuz Süt 500 ml,39.15
Süt,İçim Rahat Laktozsuz Süt 1 L,53.7
Süt,Pınar Tam Yağlı Süt 200 ml,20.1
Süt,Pınar Laktozsuz Süt 200 ml,21.2
Süt,Sütaş Çikolatalı Süt 200 ml,15.6
Süt,Pınar Süt Tam Yağlı 500 ml,36.9
Süt,İçim Süt 200 ml,16.75
Süt,Pınar Çocuk Sütü 500 ml,41.4
Süt,Pınar Süt Organik 1 L,70.5
Süt,İçim %3 Tam Yağlı Süt 1 L,50.35
Süt,İçim Light Süt 1 L,53.7
Süt,Torku Tam Yağlı Süt 1 L,52.6
Süt,Nestle Nesquik Muzlu Süt 180 ml,27.95
Süt,Sütaş Tam Yağlı Süt 500 ml,30.2
Süt,Pınar Extra Light Süt 1 L,55.95
Süt,Sütaş Süt 2.5 Yağlı 6X180 ml,78.35
Süt,Torku Kakaolu Süt 6X180 ml,89.55
Süt,Sütaş Yarım Yağlı Süt 1 L,42.5
Süt,İçim Organik Süt 1 L,67.15
Süt,İçim Yarım Yağlı Süt 1 L,42.5
Süt,Sütaş Light Süt 200 ml,15.6
Süt,İçim Tam Yağlı Süt 6X200 ml,100.75
Süt,Sütaş Çilekli Süt 200 ml,15.6
Süt,Pınar Süt Organik 200 ml,23.45
Süt,Danone Disney Kakaolu Süt 180 ml,18.5
Süt,Pınar Çocuk Süt 200 ml,21.85
Süt,Pınar Kakaolu Proteinli Süt 500 ml,54.95
Süt,Pınar Vanilyalı Proteinli Süt 500 ml,54.95
Süt,Teksüt Yarım Yağlı 1 L,39.15
Süt,Danone Disney Çilekli Süt 180 ml,18.5
Süt,Danone Disney Muzlu Süt 180 ml,18.5
Süt,Nestle Nesquik Çilek 180 ml,27.95
Süt,Torku Süt 200 ml,16.25
Süt,Pınar Süt Yarım Yağlı 200 ml,18.5
Süt,Sütaş Muzlu Süt 6X180 ml,78.35
Süt,İçim Günlük Süt 1 L,86.2
Süt,Pınar Ballı Çocuk Sütü 500 ml,41.4
Süt,Sütaş Çikolatalı Süt 6X180 ml,78.35
Süt,İçim Rahat Süt 200 ml,20.1
Süt,Nestle Nesquik Kakaolu Süt 180 ml,27.95
Süt,İçim Organik Süt 200 ml,22.35
Süt,Pınar Çocuk Sütü 1/5 X 6,123.15
Süt,Pınar Protein Süt Yer Fıstıklı 500 ml,54.95
Süt,Sütaş Süt 1/5 Laktozsuz,15.6
Süt,Torku Süt Çilekli 6X180 ml,89.55
Süt,Torku Süt Muz Miniki,16.25
Süt,Nestle Nesquik Ballı Süt 180 ml,27.95
Süt,Torku Süt Yarım Yağlı 1 L,48.1
Süt,Torku Süt Miniki Çikolatalı 180 ml,16.25
Süt,İsmet Bey'in Çiftliği Günlük Çiğ Süt 3 L,165.7
Süt,Nestle Nesquik Laktozsuz Süt 180 ml,32.4
Süt,Pınar Süt Kido Kakaolu 6X180 ml,89.55
Süt,Pınar Kido Çilekli Süt 180 ml,15.6
Süt,İçim Günlük Süt Yarım Yağlı 1 L,61.55
Süt,İçim Süt Tam Yağlı %3.5 1 L,59.3
Süt,Alpımılk  Süt Çikolatalı 6x180 ml,95.15
Süt,İçim Süt İçimino Çikolatalı 180x6 ml,78.35
Süt,Pınar Süt 1/1 %2.5 Yağlı,46.95
Süt,Pınar Süt  Protein Çilekli 500 ml,54.95
Süt,Sütaş Süt %2.5 Yağlı 1 L,50.35
Tahin,Koska Tahin 620 gr,240.75
Tahin,Seyidoğlu Tahin 300 gr,84.95
Tahin,Seyidoğlu Tahin Aç-Dök 350 gr,111.95
Tahin,Anaka Tahin 550 gr,167.95
Tahin,Koska Çikos 240 gr,195.95
Tahin,Koska Tahin Pratik 300 gr,128.75
Tahin,Koska Tahin 300 gr,128.75
Tahin,City Farm Organik Tahin 350 gr,240.75
Tahin,Seyidoğlu Tahin 550 gr,156.75
Tavuk Eti,Gedik Bütün Göğüs,201.54
Tavuk Eti,Şenpiliç Karışık Döner 300 gr,92.9
Tavuk Eti,Şenpiliç Izgara Kanat,240.75
Tavuk Eti,Şenpiliç Kemiksiz Derisiz But İncik,272.1
Tavuk Eti,Şenpiliç Poşetli Bütün Piliç,223.9
Tavuk Eti,Gedik Tavuk Bonfile,274.35
Tavuk Eti,Gedik Tavuk But Pirzola,174.95
Tavuk Eti,Gedik Baget,128.75
Tavuk Eti,Şenpiliç Baget,128.75
Tavuk Eti,Erpiliç Tb Döner Piliç 250gr,128.75
Tavuk Eti,Erpiliç Nugget 700 gr,151.15
Tavuk Eti,Beypiliç Poşetli Bütün Piliç,194.8
Tavuk Eti,Erpiliç Şinitzel 700 gr,151.15
Tavuk Eti,Şenpiliç Bonfile,268.75
Taze Fasulye,Fasulye Çalı,55.98
Tereyağı (Kahvaltılık),Bizim Terem Yağ Kase 250 gr,51.45
Tereyağı (Kahvaltılık),Bizim Terem Yağ 500 gr,92.9
Tereyağı (Kahvaltılık),Becel Tereyağ Keyfi Kase 250 gr,44.75
Tereyağı (Kahvaltılık),Becel Tereyağ Keyfi Kase 500 gr,83.95
Tereyağı (Kahvaltılık),Bizim Terem Yağ Gurme Kase 250 gr,61.55
Tereyağı (Kahvaltılık),Becel Kase 250 gr,44.75
Tereyağı (Kahvaltılık),Becel Kase 500 gr,83.95
Toz Şeker,Tatküpü Toz Şeker 5 kg,208.95
Toz Şeker,Tatküpü Toz Şeker 1 kg,48.1
Toz Şeker,Tatküpü Toz Şeker 3 kg,139.95
Toz Şeker,Balküpü Toz Şeker 3 kg,143.3
Tulum Peyniri,Erzincan Tulum Peynir,394.76
Tulum Peyniri,Sarıbaş İzmir Tulum İnek Peyniri,251.97
Tulum Peyniri,Sarıbaş İzmir Tulum Koyun Peyniri,279.97
Tulum Peyniri,Kebir Peynir Erzincan Tulum 300 gr,223.95
Tulum Peyniri,Kebir Tulum Peynir Tam Tağlı 500 gr,235.15
Turşu,Melis Dilimli Jalapeno Biber Turşusu 650 gr,106.35
Turşu,Melis Tatlı Biber Turşusu 600 gr,100.75
Turşu,Fersan Turşu Biberiye 335 gr,78.35
Turşu,Kühne Turşu Karışık Tuzu Az 670 gr,156.75
Turşu,Doğanay Turşu Suyu Acılı Cam 750 ml,59.95
Turşu,Fersan Turşu Karışık 680 gr,54.95
Turşu,Fersan Turşu Yakan Biber 360 gr,78.35
Turşu,Fersan Turşu Kornişon 330 gr,83.95
Turşu,Kuhne Türk Tipi Cam Kornişon Turşu 670 gr,156.75
Turşu,Kühne Türk Tipi Karışık Turşu 680 gr,156.75
Turşu,Melis Turşu Sarımsak 180 gr,66.0
Turşu,Aysan Karışık Turşu Pet 5000 gr,223.95
Turşu,Aysan Salatalık Turşu Pet 5000 gr,302.35
Turşu,Doğanay Turşu Suyu Sade Cam 750 ml,59.95
Turşu,Tat Kornişon Turşu 350 gr,67.15
Turşu,Aysan Biberiye Turşusu 1600 gr,162.35
Turşu,Aysan Karışık Turşu Pet 1600 gr,123.15
Turşu,Aysan Konişon Turşu 1600 gr,156.75
Turşu,Kühne Biberiye Turşusu 325 gr,128.75
Turşu,Kühne Turşu Salatalık Tuzaz 670 gr,167.95
Turşu,Kühne Ege Usulü Salatalık Turşu 670 gr,167.95
Turşu,Kühne Alman Tipi Barbekü Turşusu 670 gr,167.95
Turşu,Aysan Turşu Yakan Biber Pet 1600 gr,162.35
Turşu,Tat Kornişon Turşu 680 gr,100.75
Turşu,Kühne Alman Tipi Salatalık Turşusu 670 gr,167.95
Turşu,Kühne Turşu Pancar 680 gr,156.75
Turşu,Aysan Karışık Turşu 1100 gr,61.55
Turşu,Aysan Turşu Yakan Biber 400 gr,48.1
Turşu,Melis Biberiye Turşusu 325 gr,55.95
Turşu,Melis Salatalık Turşusu 680 gr,67.15
Turşu,Melis Kornişon Turşu 680 gr,69.95
Turşu,Melis Çubuk Salatalık Turşusu 680 gr,78.35
Turşu,Melis Biber Turşusu Yakan Acı 330 gr,61.55
Turşu,Aysan Kornişon Turşu 400 gr,48.1
Turşu,Kühne Cüccü Salatalık Turşu 340 gr,106.35
Turşu,Kühne Acıbiber Turşusu 325 gr,111.95
Turşu,Aysan Biberiye Turşusu 360 gr,48.1
Turşu,Kühne Turşu Jalapeno Biber 650 gr,111.95
Turşu,Melis Karışık Turşu 670 gr,67.15
Turşu,Tat Jalapeno Biber Turşu 330 gr,72.75
Tuz,Işıl Kalın Tuz 1500 gr,22.35
Tuz,Billur Tuz İyotlu Plastik Tuzluk 500 gr,50.35
Tuz,Bağdat Himalaya Tuz Değirmeni 110 gr,76.1
Tuz,Billur Tuz Demir Minarelli 500 gr,50.35
Tuz,Bağdat Himalaya Sarımsaklı Tuz Değirmeni 110 gr,81.7
Tuz,Billur İyotlu Tuz 1.5 kg,59.3
Tuz,Bağdat Tuz Cam Değirmen Kapak 110 gr,76.1
Tuz,Işıl Kalın Tuz 3 kg,43.6
Tuz,Billur İyotlu Tuz Karton Tuzluklu 500 gr,50.35
Tuz,Billur Salamura Tuz 3 kg,61.55
Tuz,Billur İyotlu Tuz 750 gr,30.2
Yer Fıstığı,Tadım Yer Fıstığı 180 gr,44.8
Yer Fıstığı,Yamanlar Tuzlu Fıstık,46.19
Yer Fıstığı,Peyman Nutzz İç Yer Fıstık Taccolu 130 gr,43.7
Yer Fıstığı,Peyman Nutzz Tuzlu Yer Fıstığı 130 gr,43.7
Yer Fıstığı,Tadım Fıstıxx Yer Fıstığı Barbekü 180 gr,48.15
Yer Fıstığı,Tadım Kaju Fıstık/Cashew 140 gr,134.4
Yer Fıstığı,Tadım Fıstıxx Yer Fıstığı Acı Soslu 180 gr,48.15
Yer Fıstığı,Tadım Favori 180 gr,73.9
Yer Fıstığı,Tadım Fıstıxx Yer Fıstığı Klasik 180 gr,48.15
Yer Fıstığı,Peyman Nutzz İç Yer Fıstık Acılı 130 gr,43.7
Yer Fıstığı,Tadım Kaju Fıstık Zarlı Tuzlu 140 gr,168.0
Yer Fıstığı,Master Nut İç Yer Fıstığı Tuzlu 160 gr,39.95
Yer Fıstığı,Emsal Kuruyemiş Yer Fıstığı Tuzlu 200 gr,36.9
Yer Fıstığı,Tadım Fıstık Taco Baharatlı 140 gr,41.45
Yer Fıstığı,Emsal Kuruyemiş Yer Fıstığı Kabuklu Tuzsuz 250 gr,33.55
Yoğurt,İçim Probiyotik K.Murver & Y.Mersini 250ML,33.55
Yoğurt,Sütaş Yoğurt Yarım Yağlı 3000 gr,150.65
Yoğurt,Torku Yoğurt 500 gr,42.5
Yoğurt,Pınar Yoğurt 500 gr,52.6
Yoğurt,Eker Yoğurt Süzme 500 gr,95.15
Yoğurt,İçim Probiyotik Ahududu&Hibisküs 250ML,33.55
Yoğurt,İçim Yoğurt Az Yağlı 1750 gr,106.35
Yoğurt,Pınar Yoğurt Yağlı 2000 gr,151.15
Yoğurt,Torku Yoğurt Homojen 900 gr,70.5
Yoğurt,İçim Doğal Yoğurt 1200 gr,85.05
Yoğurt,Eker Yoğurt Efsane 1250 gr,106.35
Yoğurt,İçim Doğal Yoğurt 2000 gr,128.75
Yoğurt,Eker Kova Yoğurt 5 kg,285.55
Yoğurt,Torku Tam Yağlı Doğal Yoğurt 1500 gr,106.35
Yoğurt,Eker Kova Yoğurt 2 kg,128.75
Yoğurt,İçim Yarım Yağlı Yoğurt 3000 gr,164.6
Yoğurt,Sütaş Kaymaksız Yoğurt Kova 2 kg,128.75
Yoğurt,Kebir Yoğurt 2 kg,123.15
Yoğurt,Kebir Yoğurt 1 kg,67.15
Yoğurt,İçim Doğal Yoğurt 1000 gr,67.15
Yoğurt,Eker Yoğurt 2 kg,128.75
Yoğurt,Sütaş Kaymaksız Yoğurt 1500 gr,100.75
Yoğurt,Sütaş Kaymaksız Yoğurt 600 gr,49.85
Yoğurt,İçim Doğal Yoğurt 500 gr,41.4
Yoğurt,Eker Efsane Yoğurt 750 gr,67.15
Yoğurt,Torku Yoğurt Yarım Yağlı 2000 gr,99.95
Yoğurt,Eker Kaymaklı Yoğurt 500 gr,53.2
Yoğurt,Eker Tava Yoğurt 1000 gr,86.95
Yoğurt,Eker Yarım Yağlı Yoğurt 1500 gr,97.4
Yumurta,Yummy Organik Yumurta 10'lu,128.75
Yumurta,City Farm Organik Yumurta 10'lu,167.95
Yumurta,Yummy Gezen Tavuk Yumurtası 15'li,156.75
Yumurta,Gölyaka Gezen Tavuk Yumurtası 10'lu,111.95
Yumurta,Kumbasar Yumurta XL 20'li,161.2
Yumurta,Kumbasar Yumurta 10'lu,86.2
Yumurta,Kumbasar Yumurta 6'lı 53-62 gr,53.7
Yumurta,Kumbasar Yumurta Medium Boy 30'lu,179.15
Yumurta,Kumbasar Yumurta Large Boy 30'lu,198.2
Yumurta,Kumbasar Kahverengi Yumurta 10'lu,89.55
Yumurta,Kumbasar XL Yumurta Büyük Boy 10'lu,89.55
Yumurta,Kumbasar Yumurta 15'li,117.55
Zeytin,Marmarabirlik Süper Zeytin 400 gr,134.35
Zeytin,Marmarabirlik Zeytin Ezmesi 340 gr,86.2
Zeytin,Zeytin Izgara Yeşil,162.38
Zeytin,Marmarabirlik Kuru Sele Zeytin 400 gr,100.75
Zeytin,Kaanlar Siyah Zeytin,201.57
Zeytin,Marmarabirlik Soslu Zeytin 350 gr,111.95
Zeytin,Marmarabirlik Zeytin Ezmesi Baharatlı 175 gr,50.35
Zeytin,Marmarabirlik Gold Mega Zeytin 400 gr,190.35
Zeytin,Olea Siyah Zeytin Soslu 150 gr,55.95
Zeytin,Mopaş Biberli Yeşil Zeytin,151.18
Zeytin,Özelif Lüx Zeytin,195.97
Zeytin,Özelif İri Duble Zeytin,106.38
Zeytin,Özelif İri Yağlı Sele Zeytin,109.97
Zeytin,Mopaş Kırma Domat Zeytin,119.97
Zeytin,Çoruh Gemlik Mega Zeytin,212.78
Zeytin,Mopaş Edremit Çizik Zeytin,134.38
Zeytin,Marmarabirlik Zeytin Lüx 400 gr,83.95
Zeytin,Marmarabirlik Zeytin Hususi Az Tuzlu 400 gr,111.95
Zeytin,Marmarabirlik Zeytin Ezmesi 175 gr,50.35
Zeytin,Olea Yeşil Zeytin Çizik 150 gr,67.15
Zeytin,Kaanlar Zeytin Siyah Yağlı Kara 450 gr,123.15
Zeytin,Olea Siyah Zeytin Yağlı 150 gr,55.95
Zeytin,Olea Zeytin Soslu Biberli 150 gr,89.55
Zeytin,Olea Zeytin Kırma Soslu 150 gr,67.15
Zeytin,Olea Zeytin Siyah Dilimli 330 gr,89.5
Zeytin,Mopaş Zeytin Ayvalık Taş Kırma,123.18
Zeytin,Kaanlar Yeşil Biberli Zeytin Biberoli 400 gr,128.75
Zeytin,Kaanlar Yeşil Çizik Zeytin Çizoli 400 gr,123.15
Zeytin,Kaanlar Zeytin Siyah Elmas 450 gr,179.15
Zeytin,Kaanlar Zeytin Siyah Selecik 450 gr,156.75
Zeytinyağı,Komili Banmalık Zeytinyağı 1 L,414.35
Zeytinyağı,Kristal Sızma Zeytinyağı Pet 1000 ml,335.95
Zeytinyağı,Komili Lez. Yumuşak Sızma 1 L,389.95
Zeytinyağı,Tariş Sızma Maraska Şişe 750 ml,391.95
Zeytinyağı,Kristal Sızma Pet 2000 ml,727.95
Zeytinyağı,Tariş Sızma Sprey 250 ml,223.95
Zeytinyağı,Komili Sızma Zeytinyağı 250 ml,111.95
Zeytinyağı,Kristal Sızma Zeytinyağı Sprey 150 ml,84.0
Zeytinyağı,Tariş Sızma Bertolli Şişe 1 L,503.95
Zeytinyağı,Tariş Naturel Birinci Zeytinyağ 750 ml,335.95
Zeytinyağı,Komili Sızma Zeytinyağı 3 L,1343.95
Zeytinyağı,Komili Ege Sızma Zeytinyağı Pet 2 L,671.9
Zeytinyağı,Komili Sızma Zeytinyağı 2 L,670.9
Zeytinyağı,Komili Sızma 1 L,369.55
Zeytinyağı,Komili Sızma Zeytinyağı 500 ml,200.4
Zeytinyağı,Tariş Güney Ege Natürel Sızma Zeytinyağı 750 ml,380.75
Zeytinyağı,Yudum Egemden Yumuşak Lezzet 2 L,643.95
Çarliston Biber,Biber Çarli,50.38
Çay,Ofçay Efsane 500 gr,89.55
Çay,Ofçay Tiryakisine 500 gr,89.55
Çay,Çaykur Kamelya 1000 gr,262.0
Çay,Çaykur Çay Çiçeği 200 gr,69.4
Çay,Ofçay Tiryakisine 1000 gr,167.95
Çay,Lipton Extra Dem 500 gr,167.95
Çay,Doğuş Çay Gurme 1000 gr,246.35
Çay,Lipton Doğu Karadeniz 1 kg,212.75
Çay,Lipton Earl Grey Bergamotlu Çay 500 gr,167.95
Çay,Lipton Doğu Karadeniz 500 gr,107.95
Çay,Doğuş Çay Bergamotlu 1000 gr,235.15
Çay,Doğuş Çay Bergamotlu 500 gr,117.55
Çay,Doğuş Karadeniz Çay 500 gr,106.35
Çay,Çaykur Tiryaki 1000 gr,262.0
Çay,Çaykur Tiryaki 500 gr,133.2
Çay,Çaykur Çay Çiçeği 500 gr,134.35
Çay,Doğuş Çay Tiryaki 1000 gr,207.15
Çay,Doğuş Filiz Çay Siyah 500 gr,111.95
Çay,Lipton Yellow Label 1 kg,268.75
Çay,Doğuş Rize Sarı Çay 1000 gr,207.15
Çay,Çaykur Rize Turist 200 gr,67.15
Çay,Doğuş Rize Sarı Çay 500 gr,106.35
Çay,Doğuş Çay Tiryaki 500 gr,106.35
Çay,Çaykur Rize Turist 500 gr,134.35
Çay,Çaykur Altınbaş 500 gr,170.2
Çay,Çaykur Rize Turist 1000 gr,263.2
Çay,Ofçay Efsane 1000 gr,149.95
Çay,Çaykur Filiz 500 gr,142.2
Çay,Doğuş Karadeniz Çay 1000 gr,207.15
Çay,Çaykur Filiz 1000 gr,279.95
Çay,Çaykur Filiz 200 gr,72.75
Çay,Ofçay Hazine 500 gr,89.55
Çay,Doğuş Filiz Çay Siyah 1000 gr,218.4
Çay,Lipton Earl Grey Bergamotlu Çay 1000 gr,313.55
Çay,Doğuş Çay Tomurcuk Earl Grey 100 gr,44.75
Çay,Lipton Extra Yoğun Early Grey 100 gr,83.95
Çay,Ofçay Hazine Bardak 25'li 50 gr,50.35
Çay,Ofçay Hazine 1000 gr,179.1
Çikolata Tablet,Nestle Classic Kare Sütlü 60 gr,53.2
Çikolata Tablet,Ülker Caramio Çikolata Kare 55 gr,35.85
Çikolata Tablet,Kinder Chocolate T4 50 gr,41.4
Çikolata Tablet,Ülker Kare Çikolata Sütlü 60 gr,39.95
Çikolata Tablet,Nestle 1927 Sütlü Kare Çikolata 65 gr,81.2
Çikolata Tablet,Nestle Damak Gece 60 gr,72.5
Çikolata Tablet,Milka Happy Cows Dikdörtgen Çikolata 100 gr,83.95
Çikolata Tablet,Torku Frambuazlı Çokofest 60 gr,30.8
Çikolata Tablet,Torku Antep Fıstıklı Çikolata 65 gr,65.95
Çikolata Tablet,Milka Milkinis Sütlü Çikolata 87.5 gr,83.95
Çikolata Tablet,Eti Sütlü Kare Çikolata 65 gr,33.55
Çikolata Tablet,Milka Sütlü Dikdörtgen Çikolata 80 gr,83.95
Çikolata Tablet,Nestle Damak Tablet 70 gr,89.55
Çikolata Tablet,Godiva Bitter Kalp Çikolata 86 gr,134.4
Çikolata Tablet,Nestle Damak Kare 60 gr,72.5
Çikolata Tablet,Milka Beyaz Dikdörtgen Çikolata 80 gr,83.95
Çikolata Tablet,Nestle Classic Fıstıklı Sütlü Kare 60 gr,78.35
Çikolata Tablet,Nestle Classic Sütlü Tablet 65 gr,67.15
Çikolata Tablet,Milka Çilekli Çikolata 100 gr,83.95
Çikolata Tablet,Ülker Kare Antep Fıstıklı 65 gr,83.95
Çikolata Tablet,Eti Karam Bitter %54 Kakaolu Kare Çikolata 60 gr,33.55
Çikolata Tablet,Nestle Classic Bitter Kare 60 gr,53.2
Çikolata Tablet,Milka Çikolata Rüyası 100 gr,83.95
Çikolata Tablet,Godiva Sütlü Fındıklı İstiridye Çikolata 30 gr,44.8
Çikolata Tablet,Ülker Laviva Gofret Sütlü 35 gr,22.4
Çikolata Tablet,Milka Oreo Tablet 100 gr,83.95
Çikolata Tablet,Ülker Kare Çikolata Ballı Bademli Krokan 60 gr,55.95
Çikolata Tablet,Ülker Kare Burma Kadayıf 60 gr,83.95
Çikolata Tablet,Milka Tablet Çikolata Oreo Beyaz 100 gr,83.95
Çikolata Tablet,Kahve Dünyası Tambol Sütlü Fındıklı 77 gr,58.8
Çikolata Tablet,Kahve Dünyası Tambol Sütlü Fıstıklı 77 gr,81.95
Çikolata Tablet,Kahve Dünyası Tambol Sütlü Bademli 77 gr,58.8
Çikolata Tablet,Nestle Classic Kare Kurabiyeli 60 gr,55.95
Çikolata Tablet,Ülker Kare Bitter Şekersiz 60 gr,67.15
Çikolata Tablet,Torku Çokofest Karamelli 60 gr,30.8
Çikolata Tablet,Nestle Nesquik Duo Kare 70 gr,58.8
Çikolata Tablet,Nestle Damak İlk Hasat 60 gr,78.35
Çikolata Tablet,Godiva Bol Sütlü Kare 60 gr,89.6
Çikolata Tablet,Ülker Laviva Gofret Bitter 45 gr,22.4
Çikolata Tablet,Godiva Bitter Kare %72 Kare 60 gr,89.6
Çikolata Tablet,Ülker Çikolata Beyaz Tablet 80 gr,72.8
Çikolata Tablet,Ülker Çikolata Fındık-Üzüm Kare 60 gr,55.95
Çikolata Tablet,Ülker Çikolata %60 Bitter Tablet 80 gr,72.8
Çikolata Tablet,Nestle Classic Kare Beyaz 60 gr,53.2
Çikolata Tablet,Ülker Laviva Çikolata 35 gr,22.4
Çikolata Tablet,Eti Antep Fıstıklı Kare Çikolata 60 gr,66.65
Çikolata Tablet,Eti Karam Antep Fıstıklı Kare Bitter Çikolata 60 gr,66.65
Çikolata Tablet,Torku Miniki Sütlü Çikolata 72 gr,49.3
Çikolata Tablet,Torku Sütlü Çikolata 65 gr,49.3
Çikolata Tablet,Nestle 1927  Classic  Bitter Çikolata %82 65 gr,81.2
Çikolata Tablet,Nestle 1927 Bitter %60 Kakaolu Çikolata 65 gr,81.2
Çikolata Tablet,Ülker Antep Fıstıklı Bitter Çikolata Kare 70 gr,83.95
Çikolata Tablet,Nestle Classic Kare Fındıklı Çikolata 60gr,55.95
Çikolata Tablet,Eti Karam %70 Kakaolu Bitter Çikolata Kare 60 gr,33.55
Çilek,Çilek Anamur,111.97
Üzüm,Üzüm Redclop,55.98
