Ürün Adı,Fiyat
 A kalite döşemelik keten kumaş koltuk kaplama sandalye kaplama minder kumaşı,90.99
 A kalite döşemelik keten kumaş koltuk kaplama sandalye kaplama minder kumaşı,98.0
1. Kalite Amerikan Bezi (100CM-BOY X 210CM-EN)/ham Bez/keten Kumaş/punch Kumaşı Pamuk/renk: Krem,108.97
30 Metre Nevresimlik Kumaş - Çarşaflık Kumaş  En:240 Cm (1 Top),1799.9
Amerikan Bezi Kumaş - Ham Bez Kumaş - Punch Kumaş - Kırlent-Masa Örtüsü - Runner-Astar-Döşemelik Bej,99.9
Amerikan Bezi Kumaş - Ham Bez Kumaş -Optik Beyaz -Punch Kumaşı - Kırlent-Masa Örtüsü - Runner- Astar,99.9
Bukle/teddy-buklet Döşemelik Kumaş,480.0
Duck Bezi Punch Keten Kumaşı Ekru (50X180 CM),159.9
Gri-siyah Döşemelik Keten Kumaş Premıum Dokuma 9955,98.8
Ham 405 gr Brandalık-güneşlik-çadırlık-bez Çanta Vb.ürünleri Yapımına Uygun Dayanıklı Kumaş,90.28
Kalın Suni Deri Mobilya Ve Oto Döşeme Için Ideal ( Siyah ),140.0
Lacivert Şile Bezi Organik Kumaş-%100 Pamuklu Şile Bezi,149.9
Linen Etamin Punch Ve Pano Kumaşı Krem 100x80,129.0
Nevresimlik Kumaş - Çarşaflık Kumaş Antrasit En:240 Cm,99.9
Nevresimlik Kumaş - Çarşaflık Kumaş Bej En:240 Cm,99.9
Nevresimlik Kumaş - Çarşaflık Kumaş Gri En:240 Cm,99.9
Nevresimlik Kumaş - Çarşaflık Kumaş Krem En:240 Cm,99.9
Siyah Amerikan Bezi-nevresimlik- Çarşaflık- Astarlık-pano Kumaşı-fon Perde Ranforce Kumaş En:240 Cm,99.9
Tay Tüyü Premıum Döşemelik Kumaş Gri Taytüyü,80.0
Yapışkanlı Alkantara Kumaş 150cm X 100 Cm Flok Süet Kadife Oto Döşemelik,251.95
Yapışkanlı Siyah Suni Deri 1 Adet 100 Cm X 140 Cm,262.5
Çift Taraflı Welsoft Yıkanabilir Peluş Kumaş 50*180 50Cm Boy 180Cm En,149.9
Çift Yüzlü Kırık Beyaz Welsoft Peluş Kumaş 180 Cm En,154.7
